Date_Stamp,Date_time,HH_ID,User,IN_status,Site,Block,Waypoint,HH_num,Moun,H_name,AA3,AA4,AA5,AA6_1,AA6_2,AA6_3,AA6_4,AA6_5,AA6_6,AA6_7,AA6_8,AA6_9,AA6_9_text,AA7,AA8,B0_bef,B1_bef,B2_1_bef,B2_2_bef,B3_1_bef,B3_2_bef,B4_bef,B5_1_bef,B5_2_bef,B6_1_bef,B6_2_bef,B7_bef,B8_1_bef,B8_2_bef,B9_1_bef,B9_2_bef,B10_1_bef,B10_2_bef,Q1,Q2,Q3,Q4,Q4_text,Q5,Q6,Q7,Q8,Q9,Q9_text,Q10,Q10_text,Q11,Q12,Q13,Q13_text,Q14,Q14_text,Q15,Q16,Q17_h,Q17_m,Q18,Q19,Q20,Q21,Q22,Q23,Q24,Q25,Q26,Q27,Q28,Q29,Q30,Q31,Q32,Q33,Q34,Q35,Q36,Q37,Q38,Q39,Q40,Q41,Q42,Q43,Q44,Q45,Q46,Q47,Q48,Q49,Q50,Q51,Q52,Q53,Q54,Q55,Q56,Q57,Q58,Q59,Q60,Q61,Q62,Q63,Q64_a,Q64_b,Q64_c,Q64_d,Q64_e,Q64_f,Q65,Q66_1,Q66_2,Q66_3,Q66_4,Q66_5,Q66_5_text,Q66_6,Q67,Q68,Q69,Q70,Q71,Q72,Q73,Q74,Q75_d,Q75_m,Q75_y,Q76_1,Q76_2,Q76_3,Q76_4,Q76_5,Q76_6,Q76_7,Q76_8,Q76_9,Q76_10,Q76_11,Q76_12,Q76_13,Q76_14,Q76_15,Q76_16,Q76_17,Q76_17_text,Q76_18,Q76_19,Q77,Q78,Q79,B0_aft,B1_aft,B2_1_aft,B2_2_aft,B3_1_aft,B3_2_aft,B4_aft,B5_1_aft,B5_2_aft,B6_1_aft,B6_2_aft,B7_aft,B8_1_aft,B8_2_aft,B9_1_aft,B9_2_aft,B10_1_aft,B10_2_aft,B11_1,B11_2,B12_1,B12_2,B13_1,B13_2
20160902232927,"2016/09/02 23:29:27",2040044_B,o,"Pa kalifye",2,04,004,4,B,nnn,17,,,,,,,,,,,,,,,,,,,,,,,,,,,,,,,,,,,,,,,,,,,,,,,,,,,,,,,,,,,,,,,,,,,,,,,,,,,,,,,,,,,,,,,,,,,,,,,,,,,,,,,,,,,,,,,,,,,,,,,,,,,,,,,,,,,,,,,,,,,,,,,,,,,,,,,,,,,,,,,,,,,,,,,,,,,,,
20160902232840,"2016/09/02 23:28:40",1010023_A,o,Fini,1,01,002,3,A,fgg,20,1,1,,,,,,,,,,,,1,1,1,60,60,40,40,1,60,60,60,60,1,60,60,60,60,60,60,1,1,1,1,,1,1,1,1,10,,1,,1,1,1,,1,,1,60,5,59,1,1,1,1,1,1,1,1,1,1,1,1,999,1,1,1,1,1,1,1,1,1,1,1,1,1,1,1,1,1,183,1,1,1,"iiii ",1,1,1,1,4,1,7,7,7,1,1,1,1,1,1,1,1,,,,,,,,,,,,,,,,,,,,,,,,,,,,,,,,,,,,,,,,,,,,,,,,,,,,,,,,,,,,,60,60,15,15,60,60
20160829160339,"2016/08/29 16:03:39",1010041_A,o,"Pa kapab komprann konsantman",1,01,004,1,A,Rahul,20,2,,,,,,,,,,,,,,,,,,,,,,,,,,,,,,,,,,,,,,,,,,,,,,,,,,,,,,,,,,,,,,,,,,,,,,,,,,,,,,,,,,,,,,,,,,,,,,,,,,,,,,,,,,,,,,,,,,,,,,,,,,,,,,,,,,,,,,,,,,,,,,,,,,,,,,,,,,,,,,,,,,,,,,,,,,,,
20160826132024,"2016/08/26 13:20:24",1010021_A,o,"Poko fini",1,01,002,1,A,Rahul,50,1,1,,,,,,,,,,,,,,,,,,,,,,,,,,,,,,,,,,,,,,,,,,,,,,,,,,,,,,,,,,,,,,,,,,,,,,,,,,,,,,,,,,,,,,,,,,,,,,,,,,,,,,,,,,,,,,,,,,,,,,,,,,,,,,,,,,,,,,,,,,,,,,,,,,,,,,,,,,,,,,,,,,,,,,,,,,,
20160810084222,"2016/08/10 08:42:22",3020161_A,operator7,"Poko fini",3,02,016,1,A,"Name and I'd change 2",,,,,,,,,,,,,,,,,,,,,,,,,,,,,,,,,,,,,,,,,,,,,,,,,,,,,,,,,,,,,,,,,,,,,,,,,,,,,,,,,,,,,,,,,,,,,,,,,,,,,,,,,,,,,,,,,,,,,,,,,,,,,,,,,,,,,,,,,,,,,,,,,,,,,,,,,,,,,,,,,,,,,,,,,,,,,,
20160810084202,"2016/08/10 08:42:02",3010323_A,operator7,"Poko fini",3,01,032,3,A,"Name and I'd change 2",50,1,,,,,,,,,,,,,,,,,,,,,,,,,,,,,,,,,,,,,,,,,,,,,,,,,,,,,,,,,,,,,,,,,,,,,,,,,,,,,,,,,,,,,,,,,,,,,,,,,,,,,,,,,,,,,,,,,,,,,,,,,,,,,,,,,,,,,,,,,,,,,,,,,,,,,,,,,,,,,,,,,,,,,,,,,,,,
20160810083539,"2016/08/10 08:35:39",3021061_A,operator7,"Poko fini",3,02,106,1,A,"Grace I'd change",25,1,,,,,,,,,,,,,,,,,,,,,,,,,,,,,,,,,,,,,,,,,,,,,,,,,,,,,,,,,,,,,,,,,,,,,,,,,,,,,,,,,,,,,,,,,,,,,,,,,,,,,,,,,,,,,,,,,,,,,,,,,,,,,,,,,,,,,,,,,,,,,,,,,,,,,,,,,,,,,,,,,,,,,,,,,,,,
20160810083310,"2016/08/10 08:33:10",2040103_B,operator7,"Poko fini",2,04,010,3,B,"Test name change 2",20,,,,,,,,,,,,,,,,,,,,,,,,,,,,,,,,,,,,,,,,,,,,,,,,,,,,,,,,,,,,,,,,,,,,,,,,,,,,,,,,,,,,,,,,,,,,,,,,,,,,,,,,,,,,,,,,,,,,,,,,,,,,,,,,,,,,,,,,,,,,,,,,,,,,,,,,,,,,,,,,,,,,,,,,,,,,,
20160808121606,"2016/08/08 12:16:06",2040012_B,operator7,"Poko fini",2,04,001,2,B,Gseo,25,1,1,,,,,,,,,,,,2,,,,,,,,,,,,,,,,,,,1,2,1,2,,1,2,999,1,3,,3,,2,,,,,,,,,,,,,,,,,,,,,,,,,,,,,,,,,,,,,,,,,,,,,,,,,,,,,,,,,,,,,,,,,,,,,,,,,,,,,,,,,,,,,,,,,,,,,,,,,,,,,,,,,,,,,,,,,,,,,,,,,,,,,,,
20160808114011,"2016/08/08 11:40:11",2050653_B,operator7,Fini,2,05,065,3,B,Gseo,19,1,1,,,,,,,,,,,,1,1,2,80,80,120,120,1,80,80,120,120,1,80,80,120,120,50,50,1,1,3,11,,2,1,2,1,2,,2,,2,2,,,1,,1,155,5,12,1,2,999,1,2,2,1,1,3,2,1,2,999,2,2,1,1,2,1,1,3,2,1,1,3,999,2,1,3,2,,,2,3,999,2,1,2,2,2,1,7,5,3,2,1,3,4,4,5,3,3,,,,,,,,,,,,,,,,,,,,,,,,,,,,,,,,,,,,,,,,,,,,,,,,,,,,,,,,,,,,,120,120,25,25,58,58
20160808113502,"2016/08/08 11:35:02",2040121_A,operator7,"Pa kalifye",2,04,012,1,A,Gseo,17,,,,,,,,,,,,,,,,,,,,,,,,,,,,,,,,,,,,,,,,,,,,,,,,,,,,,,,,,,,,,,,,,,,,,,,,,,,,,,,,,,,,,,,,,,,,,,,,,,,,,,,,,,,,,,,,,,,,,,,,,,,,,,,,,,,,,,,,,,,,,,,,,,,,,,,,,,,,,,,,,,,,,,,,,,,,,
20160808112831,"2016/08/08 11:28:31",1010013_A,operator2,"Tounen pi ta",1,01,001,3,A,"Ot3 refused",25,1,3,0,0,1,0,0,0,0,0,0,,2,,,,,,,,,,,,,,,,,,,,,,,,,,,,,,,,,,,,,,,,,,,,,,,,,,,,,,,,,,,,,,,,,,,,,,,,,,,,,,,,,,,,,,,,,,,,,,,,,,,,,,,,,,,,,,,,,,,,,,,,,,,,,,,,,,,,,,,,,,,,,,,,,,,,,,,,,,,,,,,,
20160808112819,"2016/08/08 11:28:19",4040444_A,operator2,Fini,4,04,044,4,A,"Ot full",44,1,1,,,,,,,,,,,,1,1,1,120,120,80,80,2,119,119,79,79,2,118,118,78,78,20,20,2,1,2,4,,1,2,2,2,3,,2,,2,2,,,2,,2,25,0,20,1,1,3,2,2,1,1,2,2,1,1,2,2,2,1,1,1,2,2,4,4,4,2,2,4,2,2,2,4,1,3,2,1,2,"Test q52",1,1,2,2,999,999,999,999,999,2,2,3,2,5,2,3,2,2,,,,,,,,2,,,,,,,,,,,,,,,,,,,,,,,,,,,,,,,,,,3,,,,,,,,,,,,,,,,,,888,888,888,888,200,200
20160808112229,"2016/08/08 11:22:29",1010014_A,operator2,"Poko fini",1,01,001,4,A,"Ot4 ret later 1",80,1,1,,,,,,,,,,,,1,2,,,,,,,,,,,,,,,,,,1,1,3,666,"Test q4",2,,,,,,,,,,,,,,,,,,,,,,,,,,,,,,,,,,,,,,,,,,,,,,,,,,,,,,,,,,,,,,,,,,,,,,,,,,,,,,,,,,,,,,,,,,,,,,,,,,,,,,,,,,,,,,,,,,,,,,,,,,,,,,,,,,,,,,,
20160808112156,"2016/08/08 11:21:56",4040444_A,operator2,"Poko fini",4,04,044,4,A,"Ot full",44,1,1,,,,,,,,,,,,1,1,1,120,120,80,80,2,119,119,79,79,2,118,118,78,78,20,20,2,,,,,,,,,,,,,,,,,,,,,,,,,,,,,,,,,,,,,,,,,,,,,,,,,,,,,,,,,,,,,,,,,,,,,,,,,,,,,,,,,,,,,,,,,,,,,,,,,,,,,,,,,,,,,,,,,,,,,,,,,,,,,,,,,,,,,,,,,,,,
20160808075719,"2016/08/08 07:57:19",1010015_A,operator2,"Poko fini",1,01,001,5,A,"Ot5 ret pita 2",36,1,3,0,0,0,1,0,0,0,0,0,,1,1,2,,,,,,,,,,,,,,,,,,,,,,,,,,,,,,,,,,,,,,,,,,,,,,,,,,,,,,,,,,,,,,,,,,,,,,,,,,,,,,,,,,,,,,,,,,,,,,,,,,,,,,,,,,,,,,,,,,,,,,,,,,,,,,,,,,,,,,,,,,,,,,,,,,,,,,,,,,,,,,
20160808075641,"2016/08/08 07:56:41",1010012_A,operator2,"Poko fini",1,01,001,2,A,"Ot2 pa kapab kompr",18,1,1,,,,,,,,,,,,1,,,,,,,,,,,,,,,,,,,,,,,,,,,,,,,,,,,,,,,,,,,,,,,,,,,,,,,,,,,,,,,,,,,,,,,,,,,,,,,,,,,,,,,,,,,,,,,,,,,,,,,,,,,,,,,,,,,,,,,,,,,,,,,,,,,,,,,,,,,,,,,,,,,,,,,,,,,,,,,
20160808075619,"2016/08/08 07:56:19",1010011_A,operator2,"Poko fini",1,01,001,1,A,"Ot1 under18",19,1,1,,,,,,,,,,,,2,,,,,,,,,,,,,,,,,,,,,,,,,,,,,,,,,,,,,,,,,,,,,,,,,,,,,,,,,,,,,,,,,,,,,,,,,,,,,,,,,,,,,,,,,,,,,,,,,,,,,,,,,,,,,,,,,,,,,,,,,,,,,,,,,,,,,,,,,,,,,,,,,,,,,,,,,,,,,,,
20160808075333,"2016/08/08 07:53:33",1010014_A,operator2,"Tounen pi ta",1,01,001,4,A,"Ot4 ret later 1",80,1,2,,,,,,,,,,,,,,,,,,,,,,,,,,,,,,,,,,,,,,,,,,,,,,,,,,,,,,,,,,,,,,,,,,,,,,,,,,,,,,,,,,,,,,,,,,,,,,,,,,,,,,,,,,,,,,,,,,,,,,,,,,,,,,,,,,,,,,,,,,,,,,,,,,,,,,,,,,,,,,,,,,,,,,,,,,,
20160808075251,"2016/08/08 07:52:51",1010013_A,operator2,Refize,1,01,001,3,A,"Ot3 refused",25,1,3,0,0,1,0,0,0,0,0,0,,3,,,,,,,,,,,,,,,,,,,,,,,,,,,,,,,,,,,,,,,,,,,,,,,,,,,,,,,,,,,,,,,,,,,,,,,,,,,,,,,,,,,,,,,,,,,,,,,,,,,,,,,,,,,,,,,,,,,,,,,,,,,,,,,,,,,,,,,,,,,,,,,,,,,,,,,,,,,,,,,,
20160806071856,"2016/08/06 07:18:56",3020063_B,operator2,"Poko fini",3,02,006,3,B,"Ot return later1",25,1,1,,,,,,,,,,,,1,3,,,,,,,,,,,,,,,,,,1,,,,,,,,,,,,,,,,,,,,,,,,,,,,,,,,,,,,,,,,,,,,,,,,,,,,,,,,,,,,,,,,,,,,,,,,,,,,,,,,,,,,,,,,,,,,,,,,,,,,,,,,,,,,,,,,,,,,,,,,,,,,,,,,,,,,,,,,,,,,
20160806071832,"2016/08/06 07:18:32",4050092_A,operator2,Fini,4,05,009,2,A,"Ot initial refusal",69,1,3,1,0,0,0,0,0,0,0,0,,1,1,1,1,120,120,80,80,2,128,128,80,80,2,132,132,60,60,20,20,2,1,1,11,,2,2,2,1,666,Usa,3,,2,2,,,1,,2,888,888,888,2,2,3,1,2,1,1,1,2,1,1,3,999,2,2,2,2,,1,3,2,2,2,1,3,1,2,1,1,1,999,1,1,2,999,2,1,2,1,999,2,999,999,999,3,3,2,2,2,3,3,3,1,0,0,1,0,666,"Test q66",,1,1,999,999,1,1,2,2,7,,,0,0,0,0,0,0,0,0,0,0,0,1,0,0,0,0,0,,,,1,1,2,,,,,,,,,,,,,,,,,,,888,888,128,128,80,80
20160806070209,"2016/08/06 07:02:09",3010063_A,operator2,"Retounen pi ta",3,01,006,3,A,"Ot return later2",68,1,3,0,0,0,1,0,0,0,0,0,,2,,,,,,,,,,,,,,,,,,,,,,,,,,,,,,,,,,,,,,,,,,,,,,,,,,,,,,,,,,,,,,,,,,,,,,,,,,,,,,,,,,,,,,,,,,,,,,,,,,,,,,,,,,,,,,,,,,,,,,,,,,,,,,,,,,,,,,,,,,,,,,,,,,,,,,,,,,,,,,,,
20160806070030,"2016/08/06 07:00:30",3020063_B,operator2,"Retounen pi ta",3,02,006,3,B,"Ot return later1",25,1,2,,,,,,,,,,,,,,,,,,,,,,,,,,,,,,,,,,,,,,,,,,,,,,,,,,,,,,,,,,,,,,,,,,,,,,,,,,,,,,,,,,,,,,,,,,,,,,,,,,,,,,,,,,,,,,,,,,,,,,,,,,,,,,,,,,,,,,,,,,,,,,,,,,,,,,,,,,,,,,,,,,,,,,,,,,,
20160806065914,"2016/08/06 06:59:14",4050092_A,operator2,Refize,4,05,009,2,A,"Ot initial refusal",69,1,3,1,0,0,0,0,0,0,0,0,,3,,,,,,,,,,,,,,,,,,,,,,,,,,,,,,,,,,,,,,,,,,,,,,,,,,,,,,,,,,,,,,,,,,,,,,,,,,,,,,,,,,,,,,,,,,,,,,,,,,,,,,,,,,,,,,,,,,,,,,,,,,,,,,,,,,,,,,,,,,,,,,,,,,,,,,,,,,,,,,,,
20160806065808,"2016/08/06 06:58:08",2050091_A,operator2,"Pa kalifye",2,05,009,1,A,"Ot pa kalifye",3,,,,,,,,,,,,,,,,,,,,,,,,,,,,,,,,,,,,,,,,,,,,,,,,,,,,,,,,,,,,,,,,,,,,,,,,,,,,,,,,,,,,,,,,,,,,,,,,,,,,,,,,,,,,,,,,,,,,,,,,,,,,,,,,,,,,,,,,,,,,,,,,,,,,,,,,,,,,,,,,,,,,,,,,,,,,,
20160806065734,"2016/08/06 06:57:34",1020034_A,operator2,"Pa kapab komprann konsantman",1,02,003,4,A,"Ot pa ka komprann",69,2,,,,,,,,,,,,,,,,,,,,,,,,,,,,,,,,,,,,,,,,,,,,,,,,,,,,,,,,,,,,,,,,,,,,,,,,,,,,,,,,,,,,,,,,,,,,,,,,,,,,,,,,,,,,,,,,,,,,,,,,,,,,,,,,,,,,,,,,,,,,,,,,,,,,,,,,,,,,,,,,,,,,,,,,,,,,
20160804162856,"2016/08/04 16:28:56",2010013_A,operator3,"Poko fini",2,01,001,3,A,"franck basil",55,1,1,,,,,,,,,,,,1,1,1,118,118,55,55,1,118,118,55,55,1,118,118,55,55,55,55,1,3,2,2,,2,1,1,999,1,,2,,2,1,1,,1,,2,250,888,888,1,2,1,,,,,,,,,,,,,,,,,,,,,,,,,,,,,,,,,,,,,,,,,,,,,,,,,,,,,,,,,,,,,,,,,,,,,,,,,,,,,,,,,,,,,,,,,,,,,,,,,,,,,,,,,,,,,,,,,,,
20160804053159,"2016/08/04 05:31:59",1020052_B,o,"Poko fini",1,02,005,2,B,New1,58,1,1,,,,,,,,,,,,1,1,1,70,70,,,,,,,,,,,,,,,,,,,,,,,,,,,,,,,,,,,,,,,,,,,,,,,,,,,,,,,,,,,,,,,,,,,,,,,,,,,,,,,,,,,,,,,,,,,,,,,,,,,,,,,,,,,,,,,,,,,,,,,,,,,,,,,,,,,,,,,,,,,,,,,,,,,,,,,,,,,
20160804052727,"2016/08/04 05:27:27",1010052_A,o,Fini,1,01,005,2,A,Face1,18,1,1,,,,,,,,,,,,1,1,1,70,70,80,80,1,80,80,80,80,1,80,80,58,58,55,55,1,3,3,5,,1,1,1,1,2,,3,,999,2,,,2,,1,888,888,888,2,1,3,1,1,2,1,1,2,1,1,1,999,1,1,3,1,1,1,1,2,2,1,1,3,1,2,1,2,2,,,1,2,999,1,1,1,3,999,999,999,999,999,3,4,2,4,999,999,4,5,,,,,,,,,,,,,,,,,,,,,,,,,,,,,,,,,,,,,,,,,,,,,,,,,,,,,,,,,,,,,888,888,999,999,888,888
20160804051240,"2016/08/04 05:12:40",1010041_A,o,"Poko fini",1,01,004,1,A,Rahul,50,1,1,,,,,,,,,,,,1,1,1,,,,,,,,,,,,,,,,,,,,,,,,,,,,,,,,,,,,,,,,,,,,,,,,,,,,,,,,,,,,,,,,,,,,,,,,,,,,,,,,,,,,,,,,,,,,,,,,,,,,,,,,,,,,,,,,,,,,,,,,,,,,,,,,,,,,,,,,,,,,,,,,,,,,,,,,,,,,,
20160803153835,"2016/08/03 15:38:35",1020082_A,operator2,Fini,1,02,008,2,A,Ot,36,1,1,,,,,,,,,,,,1,3,,,,,,,,,,,,,,,,,,2,3,2,3,,1,3,2,5,5,,,,2,2,,,6,,2,888,888,888,2,2,4,3,1,1,1,2,2,2,1,2,999,1,2,2,2,,1,2,2,2,2,1,2,2,1,2,2,2,999,2,1,4,,2,2,2,3,999,2,999,999,999,2,3,4,3,2,3,3,2,3,0,1,0,1,0,,,1,1,999,999,2,1,2,2,10,,,0,0,1,0,0,0,0,0,1,0,0,0,0,0,0,0,0,,,,2,1,2,2,,,,,,,,,,,,,,,,,,888,888,888,888,888,888
20160803150650,"2016/08/03 15:06:50",2040092_A,operator2,"Poko fini",2,04,009,2,A,Ot,60,1,1,,,,,,,,,,,,1,1,1,120,120,80,80,1,120,120,80,80,1,130,130,80,80,25,25,2,4,2,6,,2,4,1,3,3,,2,,1,1,6,,1,,1,50,0,47,1,1,2,2,1,1,2,2,3,2,2,4,2,1,2,3,2,2,2,4,3,4,1,2,4,1,2,2,4,2,,,2,3,Poumon,1,1,1,2,2,1,0,2,7,3,5,3,5,3,5,3,5,2,,,,,,,,2,2,,,,,,,,,,,,,,,,,,,,,,,,,,,,,,,,,3,,,,,,,,,,,,,,,,,,,,,,,
20160803132258,"2016/08/03 13:22:58",1010011_A,operator3,Fini,1,01,001,1,A,Grant,34,1,3,1,1,1,0,0,0,0,0,0,,1,,1,1,80,80,70,70,1,75,75,80,80,1,69,69,100,100,30,30,1,4,2,11,,2,4,1,3,8,,2,,1,1,2,,1,,1,100,0,45,1,1,1,2,2,2,2,2,4,2,1,4,2,1,2,4,1,2,2,4,4,4,2,2,4,1,2,2,4,2,,,2,1,Po,2,1,1,2,1,1,0,2,2,3,5,3,5,3,5,3,3,,,,,,,,,,,,,,,,,,,,,,,,,,,,,,,,,,,,,,,,,,,,,,,,,,,,,,,,,,,,,75,75,100,100,60,60
20160803121952,"2016/08/03 12:19:52",2040082_A,operator2,"Poko fini",2,04,008,2,A,Ot,36,1,3,0,0,0,1,0,0,0,0,0,,1,,1,,,,,,,,,,,,,,,,,,,,,,,,,,,,,,,,,,,,,,,,,,,,,,,,,,,,,,,,,,,,,,,,,,,,,,,,,,,,,,,,,,,,,,,,,,,,,,,,,,,,,,,,,,,,,,,,,,,,,,,,,,,,,,,,,,,,,,,,,,,,,,,,,,,,,,,,,,,,,,
20160803121902,"2016/08/03 12:19:02",1010012_A,operator2,"Poko fini",1,01,001,2,A,Ot,34,1,3,1,0,1,0,0,0,0,0,0,,1,,1,,,,,,,,,,,,,,,,,,,,,,,,,,,,,,,,,,,,,,,,,,,,,,,,,,,,,,,,,,,,,,,,,,,,,,,,,,,,,,,,,,,,,,,,,,,,,,,,,,,,,,,,,,,,,,,,,,,,,,,,,,,,,,,,,,,,,,,,,,,,,,,,,,,,,,,,,,,,,,
20160803110804,"2016/08/03 11:08:04",1030202_A,o,"Poko fini",1,03,020,2,A,Face12,25,1,1,,,,,,,,,,,,1,1,1,70,70,50,50,1,70,70,70,70,1,70,70,45,45,45,45,,,,,,,,,,,,,,,,,,,,,,,,,,,,,,,,,,,,,,,,,,,,,,,,,,,,,,,,,,,,,,,,,,,,,,,,,,,,,,,,,,,,,,,,,,,,,,,,,,,,,,,,,,,,,,,,,,,,,,,,,,,,,,,,,,,,,,,,,,,,,
20160803085201,"2016/08/03 08:52:01",1030123_A,operator2,"Poko fini",1,03,012,3,A,Ju.io,,,,,,,,,,,,,,,,,,,,,,,,,,,,,,,,,,,,,,,,,,,,,,,,,,,,,,,,,,,,,,,,,,,,,,,,,,,,,,,,,,,,,,,,,,,,,,,,,,,,,,,,,,,,,,,,,,,,,,,,,,,,,,,,,,,,,,,,,,,,,,,,,,,,,,,,,,,,,,,,,,,,,,,,,,,,,,
20160803084529,"2016/08/03 08:45:29",1070772_A,operator2,Fini,1,07,077,2,A,"Ot exit 16yo",18,1,1,,,,,,,,,,,,1,1,1,61,61,41,41,1,75,75,120,120,1,150,150,50,50,20,20,2,3,2,10,,1,2,1,3,666,Greece,3,,1,1,5,,2,,1,20,5,20,1,1,1,2,1,1,1,1,2,2,1,3,5,1,1,1,1,1,1,2,2,3,1,1,2,2,1,2,1,2,,,1,2,Kolon,1,2,2,4,6,2,3,3,3,2,1,2,2,2,3,2,5,1,0,1,1,1,666,Fey,,1,1,5,3,2,1,1,2,,13,,0,0,0,0,1,0,0,0,1,1,0,0,0,0,0,0,0,,,,2,1,1,,,,,,,,,,,,,,,,,,,65,65,60,60,55,55
20160803074000,"2016/08/03 07:40:00",1070775_A,operator2,"Retounen pi ta",1,07,077,5,A,"Ot exit as come back later 2",36,1,3,0,0,1,0,0,0,0,0,0,,2,,,,,,,,,,,,,,,,,,,,,,,,,,,,,,,,,,,,,,,,,,,,,,,,,,,,,,,,,,,,,,,,,,,,,,,,,,,,,,,,,,,,,,,,,,,,,,,,,,,,,,,,,,,,,,,,,,,,,,,,,,,,,,,,,,,,,,,,,,,,,,,,,,,,,,,,,,,,,,,,
20160803073831,"2016/08/03 07:38:31",1070774_A,operator2,"Retounen pi ta",1,07,077,4,A,"Ot exit as return later 1",60,1,2,,,,,,,,,,,,,,,,,,,,,,,,,,,,,,,,,,,,,,,,,,,,,,,,,,,,,,,,,,,,,,,,,,,,,,,,,,,,,,,,,,,,,,,,,,,,,,,,,,,,,,,,,,,,,,,,,,,,,,,,,,,,,,,,,,,,,,,,,,,,,,,,,,,,,,,,,,,,,,,,,,,,,,,,,,,
20160803073726,"2016/08/03 07:37:26",2050113_A,operator2,"Poko fini",2,05,011,3,A,"Ot trest",20,1,1,,,,,,,,,,,,1,,,,,,,,,,,,,,,,,,,,,,,,,,,,,,,,,,,,,,,,,,,,,,,,,,,,,,,,,,,,,,,,,,,,,,,,,,,,,,,,,,,,,,,,,,,,,,,,,,,,,,,,,,,,,,,,,,,,,,,,,,,,,,,,,,,,,,,,,,,,,,,,,,,,,,,,,,,,,,,
20160803073703,"2016/08/03 07:37:03",1070773_A,operator2,Refize,1,07,077,3,A,"Ot exit refused",50,1,3,1,0,0,0,0,0,0,0,0,,3,,,,,,,,,,,,,,,,,,,,,,,,,,,,,,,,,,,,,,,,,,,,,,,,,,,,,,,,,,,,,,,,,,,,,,,,,,,,,,,,,,,,,,,,,,,,,,,,,,,,,,,,,,,,,,,,,,,,,,,,,,,,,,,,,,,,,,,,,,,,,,,,,,,,,,,,,,,,,,,,
20160803073541,"2016/08/03 07:35:41",1070773_A,operator2,"Pa kapab komprenn konsantman",1,07,077,3,A,"Ot exit doesnt understand",30,2,,,,,,,,,,,,,,,,,,,,,,,,,,,,,,,,,,,,,,,,,,,,,,,,,,,,,,,,,,,,,,,,,,,,,,,,,,,,,,,,,,,,,,,,,,,,,,,,,,,,,,,,,,,,,,,,,,,,,,,,,,,,,,,,,,,,,,,,,,,,,,,,,,,,,,,,,,,,,,,,,,,,,,,,,,,,
20160803073425,"2016/08/03 07:34:25",1070771_A,operator2,Fini,1,07,077,1,A,Ott,60,1,1,,,,,,,,,,,,2,,,,,,,,,,,,,,,,,,,2,3,2,3,,2,2,2,1,3,,3,,2,2,,,2,,1,888,3,1,2,1,3,2,2,1,1,2,2,1,1,3,3,2,2,1,2,,2,1,4,3,2,1,999,2,2,1,2,999,30,2,2,2,Test,2,2,3,2,999,2,3,2,0,3,2,2,4,3,4,4,1,1,0,1,1,0,666,"Test q67",,1,2,2,3,1,2,2,2,4,,,1,0,1,0,1,0,0,0,0,0,0,0,0,0,0,0,666,"Test q76",,,2,1,888,1,1,120,120,80,80,2,119,119,79,79,1,118,118,78,78,25,25,888,888,130,130,50,50
20160802155859,"2016/08/02 15:58:59",1011091_A,operator2,"Poko fini",1,01,109,1,A,Ot,25,1,1,,,,,,,,,,,,2,,,,,,,,,,,,,,,,,,,1,3,2,6,,2,1,2,2,4,,3,,2,2,,,2,,2,888,888,888,2,1,3,2,2,2,1,2,3,1,2,3,999,2,999,2,2,,2,2,3,3,2,1,2,2,1,1,2,2,,,1,2,I,,,,,,,,,,,,,,,,,,,,,,,,,,,,,,,,,,,,,,,,,,,,,,,,,,,,,,,,,,,,,,,,,,,,,,,,,,,,,,,,,,,
20160802104742,"2016/08/02 10:47:42",3030091_A,operator3,Fini,3,03,009,1,A,"Ot test q35 and q36",80,1,1,,,,,,,,,,,,2,,,,,,,,,,,,,,,,,,,1,2,3,5,,2,2,2,3,4,,3,,2,999,3,,3,,2,888,888,888,999,2,3,2,999,2,2,2,999,1,1,3,999,2,999,3,1,1,2,3,3,3,2,2,2,2,2,2,2,2,999,999,2,1,999,2,1,3,3,999,2,999,999,999,999,3,2,3,3,3,3,2,,,,,,,,,,,,,,,,,,,,,,,,,,,,,,,,,,,,,,,,,,,3,,,,,,,,,,,,,,,,,,888,888,888,888,888,888
20160802102111,"2016/08/02 10:21:11",1011111_A,operator3,Fini,1,01,111,1,A,"Ot text checks",21,1,1,,,,,,,,,,,,1,1,1,99,99,99,99,2,99,99,99,99,2,99,99,99,99,19,19,2,3,2,5,,2,2,2,2,5,,4,,2,2,,,2,,1,888,888,888,2,999,3,3,2,1,2,2,3,2,2,3,999,2,999,3,999,999,2,3,3,3,2,1,3,2,999,2,3,1,999,999,2,3,999,2,1,3,3,999,2,999,999,999,3,2,3,4,3,4,4,4,3,,,,,,,,1,2,999,999,2,1,2,2,,11,,0,0,1,0,0,0,0,0,0,0,0,0,0,0,0,0,0,,,,1,1,1,,,,,,,,,,,,,,,,,,,999,999,999,999,999,999
20160802100030,"2016/08/02 10:00:30",2060042_A,operator3,Fini,2,06,004,2,A,Ot2,25,1,1,,,,,,,,,,,,1,1,1,120,120,80,80,1,119,119,79,79,2,118,118,78,78,20,20,2,4,2,3,,1,3,2,2,666,"Test q9",4,,2,1,7,,5,,1,250,2,05,1,1,3,3,2,2,1,1,3,2,1,3,3,1,1,2,999,2,1,1,1,2,2,2,1,2,2,2,1,999,36,2,2,2,Breast,2,1,4,1,3,2,2,7,0,3,5,2,1,4,999,3,5,1,0,0,1,1,666,"Test q66",,1,1,18,16,1,2,2,2,,12,,0,0,0,0,0,1,0,1,0,1,0,1,0,0,0,0,666,"Test q66",,,1,2,888,,,,,,,,,,,,,,,,,,,180,180,241,241,50,50
20160802092636,"2016/08/02 09:26:36",2060041_A,operator3,Refize,2,06,004,1,A,Ot1,19,1,3,0,0,1,0,1,0,0,0,0,,3,,,,,,,,,,,,,,,,,,,,,,,,,,,,,,,,,,,,,,,,,,,,,,,,,,,,,,,,,,,,,,,,,,,,,,,,,,,,,,,,,,,,,,,,,,,,,,,,,,,,,,,,,,,,,,,,,,,,,,,,,,,,,,,,,,,,,,,,,,,,,,,,,,,,,,,,,,,,,,,,
20160802092442,"2016/08/02 09:24:42",2060053_A,operator2,"Poko fini",2,06,005,3,A,"Ot poko fini q19",90,1,1,,,,,,,,,,,,1,1,1,120,120,90,90,1,119,119,99,99,2,118,118,96,96,20,20,2,2,3,666,"Test q4",1,2,2,2,666,"Test q9",666,"Test q10",2,1,666,"Test q13",666,"Test q14",999,28,5,59,2,,,,,,,,,,,,,,,,,,,,,,,,,,,,,,,,,,,,,,,,,,,,,,,,,,,,,,,,,,,,,,,,,,,,,,,,,,,,,,,,,,,,,,,,,,,,,,,,,,,,,,,,,,,,,,,,,,,,,
20160802092121,"2016/08/02 09:21:21",2060052_A,operator2,"Retounen pi ta",2,06,005,2,A,"Ot ret pi ta 2",80,1,3,1,0,0,0,0,0,0,0,0,,2,,,,,,,,,,,,,,,,,,,,,,,,,,,,,,,,,,,,,,,,,,,,,,,,,,,,,,,,,,,,,,,,,,,,,,,,,,,,,,,,,,,,,,,,,,,,,,,,,,,,,,,,,,,,,,,,,,,,,,,,,,,,,,,,,,,,,,,,,,,,,,,,,,,,,,,,,,,,,,,,
20160802091959,"2016/08/02 09:19:59",2060051_A,operator2,"Retounen pi ta",2,06,005,1,A,"Ot ret pita 1",50,1,2,,,,,,,,,,,,,,,,,,,,,,,,,,,,,,,,,,,,,,,,,,,,,,,,,,,,,,,,,,,,,,,,,,,,,,,,,,,,,,,,,,,,,,,,,,,,,,,,,,,,,,,,,,,,,,,,,,,,,,,,,,,,,,,,,,,,,,,,,,,,,,,,,,,,,,,,,,,,,,,,,,,,,,,,,,,
20160802091913,"2016/08/02 09:19:13",2060045_A,operator2,Refize,2,06,004,5,A,"Ot refused",30,1,3,1,0,1,0,0,0,0,0,666,"Test aa6",3,,,,,,,,,,,,,,,,,,,,,,,,,,,,,,,,,,,,,,,,,,,,,,,,,,,,,,,,,,,,,,,,,,,,,,,,,,,,,,,,,,,,,,,,,,,,,,,,,,,,,,,,,,,,,,,,,,,,,,,,,,,,,,,,,,,,,,,,,,,,,,,,,,,,,,,,,,,,,,,,
20160802091805,"2016/08/02 09:18:05",2060044_A,operator2,"Pa kapab komprenn konsantman",2,06,004,4,A,"Ot pa ka komprenn",20,2,,,,,,,,,,,,,,,,,,,,,,,,,,,,,,,,,,,,,,,,,,,,,,,,,,,,,,,,,,,,,,,,,,,,,,,,,,,,,,,,,,,,,,,,,,,,,,,,,,,,,,,,,,,,,,,,,,,,,,,,,,,,,,,,,,,,,,,,,,,,,,,,,,,,,,,,,,,,,,,,,,,,,,,,,,,,
20160802091700,"2016/08/02 09:17:00",2060043_A,operator2,"Pa kalifye",2,06,004,3,A,Ot3,3,,,,,,,,,,,,,,,,,,,,,,,,,,,,,,,,,,,,,,,,,,,,,,,,,,,,,,,,,,,,,,,,,,,,,,,,,,,,,,,,,,,,,,,,,,,,,,,,,,,,,,,,,,,,,,,,,,,,,,,,,,,,,,,,,,,,,,,,,,,,,,,,,,,,,,,,,,,,,,,,,,,,,,,,,,,,,
20160802091625,"2016/08/02 09:16:25",2060042_A,operator2,"Pa kalifye",2,06,004,2,A,Ot2,2,,,,,,,,,,,,,,,,,,,,,,,,,,,,,,,,,,,,,,,,,,,,,,,,,,,,,,,,,,,,,,,,,,,,,,,,,,,,,,,,,,,,,,,,,,,,,,,,,,,,,,,,,,,,,,,,,,,,,,,,,,,,,,,,,,,,,,,,,,,,,,,,,,,,,,,,,,,,,,,,,,,,,,,,,,,,,
20160802091504,"2016/08/02 09:15:04",2060041_A,operator2,"Pa kalifye",2,06,004,1,A,Ot1,1,,,,,,,,,,,,,,,,,,,,,,,,,,,,,,,,,,,,,,,,,,,,,,,,,,,,,,,,,,,,,,,,,,,,,,,,,,,,,,,,,,,,,,,,,,,,,,,,,,,,,,,,,,,,,,,,,,,,,,,,,,,,,,,,,,,,,,,,,,,,,,,,,,,,,,,,,,,,,,,,,,,,,,,,,,,,,
20160802083406,"2016/08/02 08:34:06",2040033_A,operator2,Fini,2,04,003,3,A,Ot,80,1,1,,,,,,,,,,,,1,3,1,,,,,,,,,,,,,,,,,2,2,3,4,,999,3,999,3,4,,3,,2,2,,,3,,2,888,888,888,999,2,3,2,999,999,2,999,3,999,2,4,999,999,999,3,2,,2,3,4,4,999,2,3,999,999,999,2,2,,,2,3,999,2,2,3,3,999,999,999,999,999,999,2,2,5,4,4,3,2,2,,,,,,,,1,1,999,999,2,2,2,2,8,,,0,0,0,1,0,0,0,0,0,0,0,0,0,0,0,0,0,,,,1,2,888,3,,,,,,,,,,,,,,,,,,999,999,999,999,999,999
20160801200217,"2016/08/01 20:02:17",2040053_B,operator2,Fini,2,04,005,3,B,Ot,39,1,1,,,,,,,,,,,,1,3,,,,,,,,,,,,,,,,,,2,2,2,3,,2,2,2,2,4,,3,,2,2,,,2,,999,888,888,888,2,1,3,2,2,1,1,2,2,2,2,3,999,2,999,2,2,,2,2,3,3,2,2,3,2,2,2,2,2,,,1,3,999,1,2,2,2,999,999,999,999,999,2,1,1,3,3,2,5,3,2,,,,,,,,1,2,999,3,1,2,2,2,5,,,0,0,1,0,0,0,0,0,0,0,0,0,0,0,0,0,0,,,,2,999,2,3,,,,,,,,,,,,,,,,,,888,888,888,888,888,888
20160801194233,"2016/08/01 19:42:33",4020011_A,operator2,"Poko fini",4,02,001,1,A,"Ot 1yo",19,1,1,,,,,,,,,,,,1,1,1,120,120,80,80,1,120,120,80,80,2,110,110,70,70,30,30,1,,,,,,,,,,,,,,,,,,,,,,,,,,,,,,,,,,,,,,,,,,,,,,,,,,,,,,,,,,,,,,,,,,,,,,,,,,,,,,,,,,,,,,,,,,,,,,,,,,,,,,,,,,,,,,,,,,,,,,,,,,,,,,,,,,,,,,,,,,,,
20160801190721,"2016/08/01 19:07:21",1030104_A,operator2,"Poko fini",1,03,010,4,A,Ot,58,1,1,,,,,,,,,,,,1,1,1,90,90,80,80,2,90,90,90,90,1,120,120,80,80,20,20,1,2,3,3,,1,2,2,2,4,,3,,2,2,,,2,,2,888,888,888,1,1,3,1,2,1,2,1,2,1,2,2,999,1,2,2,1,2,2,2,3,2,2,1,2,2,1,1,1,1,,,,,,,,,,,,,,,,,,,,,,,,,,,,,,,,,,,,,,,,,,,,,,,,,,,,,,,,,,,,,,,,,,,,,,,,,,,,,,,,,,,,,,,,
20160801180522,"2016/08/01 18:05:22",1010071_A,o,Fini,1,01,007,1,A,Rqj2,20,1,1,,,,,,,,,,,,1,2,,,,,,,,,,,,,,,,,,2,1,2,1,,1,2,1,1,1,,1,,1,1,1,,1,,1,30,0,2,1,1,1,1,1,1,1,1,2,1,1,1,5,1,1,1,1,1,1,1,1,2,1,1,1,1,1,1,1,1,50,1,1,2,Vdb,1,1,1,1,6,1,6,6,6,1,1,1,3,3,2,2,1,1,1,1,1,0,666,Hello,,1,1,999,999,1,2,2,2,5,,,1,0,1,0,1,0,0,0,0,0,0,0,0,0,0,0,666,No,,,1,1,1,1,1,80,80,60,60,2,60,60,60,60,1,60,60,60,60,60,60,60,60,60,60,60,60
20160801175925,"2016/08/01 17:59:25",1020061_A,o,"Pa kalifye",1,02,006,1,A,Raj,5,,,,,,,,,,,,,,,,,,,,,,,,,,,,,,,,,,,,,,,,,,,,,,,,,,,,,,,,,,,,,,,,,,,,,,,,,,,,,,,,,,,,,,,,,,,,,,,,,,,,,,,,,,,,,,,,,,,,,,,,,,,,,,,,,,,,,,,,,,,,,,,,,,,,,,,,,,,,,,,,,,,,,,,,,,,,,
20160801154806,"2016/08/01 15:48:06",1020042_B,o,Fini,1,02,004,2,B,Gjcbk,60,1,1,,,,,,,,,,,,1,2,,,,,,,,,,,,,,,,,,2,1,1,2,,1,1,1,1,1,,3,,1,2,,,1,,1,60,0,5,1,1,1,1,1,1,1,1,1,1,1,1,6,1,1,1,1,1,1,1,1,1,1,1,2,1,1,1,1,1,60,1,1,1,Jvj,1,1,1,1,6,1,6,6,6,1,1,1,2,2,2,2,2,1,1,0,0,0,0,,,1,1,6,6,1,1,2,1,,,,,,,,,,,,,,,,,,,,,,,,1,1,1,1,1,66,66,66,66,1,86,86,58,58,2,70,70,50,50,50,50,888,888,999,999,888,888
20160801153330,"2016/08/01 15:33:30",3020072_B,operator2,"Poko fini",3,02,007,2,B,Ot,36,1,1,,,,,,,,,,,,2,,,,,,,,,,,,,,,,,,,1,3,4,3,,1,2,2,2,3,,3,,2,2,,,1,,2,888,888,888,1,2,3,2,2,2,1,2,3,2,2,2,999,2,2,3,2,,2,2,3,2,2,2,2,2,2,2,2,2,,,1,2,999,2,2,2,3,999,2,999,999,999,3,2,1,4,3,3,3,3,,,,,,,,,,,,,,,,,,,,,,,,,,,,,,,,,,,,,,,,,,,,,,,,,,,,,,,,,,,,,,,,,,
20160801152340,"2016/08/01 15:23:40",4060083_A,operator2,Fini,4,06,008,3,A,Ot,25,1,1,,,,,,,,,,,,2,,,,,,,,,,,,,,,,,,,1,2,3,6,,2,2,2,3,4,,3,,999,2,,,3,,1,28,3,15,2,1,4,,2,2,2,2,2,1,2,2,999,1,2,3,2,,1,3,3,2,999,2,4,2,1,2,4,1,999,2,1,3,999,1,2,3,2,3,1,2,3,3,2,2,1,3,3,4,4,2,,,,,,,,,,,,,,,,,,,,,,,,,,,,,,,,,,,,,,,,,,,3,,,,,,,,,,,,,,,,,,999,999,999,999,999,999
20160801144743,"2016/08/01 14:47:43",2061074_A,operator2,"Poko fini",2,06,107,4,A,Ot,,,,,,,,,,,,,,,,,,,,,,,,,,,,,,,,,,,,,,,,,,,,,,,,,,,,,,,,,,,,,,,,,,,,,,,,,,,,,,,,,,,,,,,,,,,,,,,,,,,,,,,,,,,,,,,,,,,,,,,,,,,,,,,,,,,,,,,,,,,,,,,,,,,,,,,,,,,,,,,,,,,,,,,,,,,,,,
20160801144127,"2016/08/01 14:41:27",4020011_A,operator2,"Retounen pi ta",4,02,001,1,A,"Ot 1yo",19,1,2,,,,,,,,,,,,,,,,,,,,,,,,,,,,,,,,,,,,,,,,,,,,,,,,,,,,,,,,,,,,,,,,,,,,,,,,,,,,,,,,,,,,,,,,,,,,,,,,,,,,,,,,,,,,,,,,,,,,,,,,,,,,,,,,,,,,,,,,,,,,,,,,,,,,,,,,,,,,,,,,,,,,,,,,,,,
20160801144045,"2016/08/01 14:40:45",4060083_A,operator2,"Pa kapab komprenn konsantman",4,06,008,3,A,Ot,25,2,,,,,,,,,,,,,,,,,,,,,,,,,,,,,,,,,,,,,,,,,,,,,,,,,,,,,,,,,,,,,,,,,,,,,,,,,,,,,,,,,,,,,,,,,,,,,,,,,,,,,,,,,,,,,,,,,,,,,,,,,,,,,,,,,,,,,,,,,,,,,,,,,,,,,,,,,,,,,,,,,,,,,,,,,,,,
20160801143923,"2016/08/01 14:39:23",4020011_A,operator2,"Pa kapab komprenn konsantman",4,02,001,1,A,"Ot 1yo",19,2,,,,,,,,,,,,,,,,,,,,,,,,,,,,,,,,,,,,,,,,,,,,,,,,,,,,,,,,,,,,,,,,,,,,,,,,,,,,,,,,,,,,,,,,,,,,,,,,,,,,,,,,,,,,,,,,,,,,,,,,,,,,,,,,,,,,,,,,,,,,,,,,,,,,,,,,,,,,,,,,,,,,,,,,,,,,
20160801142454,"2016/08/01 14:24:54",3040042_B,operator2,Fini,3,04,004,2,B,Ot,50,1,1,,,,,,,,,,,,1,3,1,,,,,,,,,,,,,,,,,2,3,3,4,,2,3,1,2,4,,4,,2,2,,,2,,2,888,888,888,2,2,4,,2,2,1,2,3,2,2,3,999,2,999,3,2,,2,2,4,3,999,2,3,999,2,1,3,2,,,2,2,999,2,2,2,3,999,999,999,999,999,1,2,2,4,3,3,2,4,2,,,,,,,,1,2,999,3,1,1,1,2,2,,,0,0,1,0,0,0,0,0,0,0,1,0,0,0,0,0,666,T,,,2,1,2,3,,,,,,,,,,,,,,,,,,999,999,999,999,999,999
20160801121308,"2016/08/01 12:13:08",4020011_A,operator2,"Pa kalifye",4,02,001,1,A,"Ot 1yo",1,,,,,,,,,,,,,,,,,,,,,,,,,,,,,,,,,,,,,,,,,,,,,,,,,,,,,,,,,,,,,,,,,,,,,,,,,,,,,,,,,,,,,,,,,,,,,,,,,,,,,,,,,,,,,,,,,,,,,,,,,,,,,,,,,,,,,,,,,,,,,,,,,,,,,,,,,,,,,,,,,,,,,,,,,,,,,
20160801115358,"2016/08/01 11:53:58",3020101_B,operator2,"Poko fini",3,02,010,1,B,Ot,60,1,1,,,,,,,,,,,,2,,,,,,,,,,,,,,,,,,,1,3,3,3,,2,2,2,2,3,,3,,2,2,,,3,,2,888,888,888,,,,,,,,,,,,,,,,,,,,,,,,,,,,,,,,,,,,,,,,,,,,,,,,,,,,,,,,,,,,,,,,,,,,,,,,,,,,,,,,,,,,,,,,,,,,,,,,,,,,,,,,,,,,,,,,,,,,,,
20160801115039,"2016/08/01 11:50:39",1020041_A,operator2,"Retounen pi ta",1,02,004,1,A,Ot,33,1,2,,,,,,,,,,,,,,,,,,,,,,,,,,,,,,,,,,,,,,,,,,,,,,,,,,,,,,,,,,,,,,,,,,,,,,,,,,,,,,,,,,,,,,,,,,,,,,,,,,,,,,,,,,,,,,,,,,,,,,,,,,,,,,,,,,,,,,,,,,,,,,,,,,,,,,,,,,,,,,,,,,,,,,,,,,,
20160801110533,"2016/08/01 11:05:33",1020113_A,operator7,Refize,1,02,011,3,A,"Gseo test aa6 prompts",19,1,3,0,0,0,1,0,0,0,0,0,,3,,,,,,,,,,,,,,,,,,,,,,,,,,,,,,,,,,,,,,,,,,,,,,,,,,,,,,,,,,,,,,,,,,,,,,,,,,,,,,,,,,,,,,,,,,,,,,,,,,,,,,,,,,,,,,,,,,,,,,,,,,,,,,,,,,,,,,,,,,,,,,,,,,,,,,,,,,,,,,,,
20160801110132,"2016/08/01 11:01:32",3021052_B,operator7,"Retounen pi ta",3,02,105,2,B,"Gseo test exit aa5=2",40,1,2,,,,,,,,,,,,,,,,,,,,,,,,,,,,,,,,,,,,,,,,,,,,,,,,,,,,,,,,,,,,,,,,,,,,,,,,,,,,,,,,,,,,,,,,,,,,,,,,,,,,,,,,,,,,,,,,,,,,,,,,,,,,,,,,,,,,,,,,,,,,,,,,,,,,,,,,,,,,,,,,,,,,,,,,,,,
20160801110107,"2016/08/01 11:01:07",2040941_B,operator7,"Retounen pi ta",2,04,094,1,B,"Gseo test exit aa5=3 aa7=2",25,1,3,0,0,1,1,0,0,0,0,0,,2,,,,,,,,,,,,,,,,,,,,,,,,,,,,,,,,,,,,,,,,,,,,,,,,,,,,,,,,,,,,,,,,,,,,,,,,,,,,,,,,,,,,,,,,,,,,,,,,,,,,,,,,,,,,,,,,,,,,,,,,,,,,,,,,,,,,,,,,,,,,,,,,,,,,,,,,,,,,,,,,
20160801110103,"2016/08/01 11:01:03",1020083_A,operator7,"Pa kapab komprenn konsantman",1,02,008,3,A,"Gseo test exit aa4=2",50,2,,,,,,,,,,,,,,,,,,,,,,,,,,,,,,,,,,,,,,,,,,,,,,,,,,,,,,,,,,,,,,,,,,,,,,,,,,,,,,,,,,,,,,,,,,,,,,,,,,,,,,,,,,,,,,,,,,,,,,,,,,,,,,,,,,,,,,,,,,,,,,,,,,,,,,,,,,,,,,,,,,,,,,,,,,,,
20160801105843,"2016/08/01 10:58:43",2040171_A,operator7,"Pa kalifye",2,04,017,1,A,"Gseo exit via underage",4,,,,,,,,,,,,,,,,,,,,,,,,,,,,,,,,,,,,,,,,,,,,,,,,,,,,,,,,,,,,,,,,,,,,,,,,,,,,,,,,,,,,,,,,,,,,,,,,,,,,,,,,,,,,,,,,,,,,,,,,,,,,,,,,,,,,,,,,,,,,,,,,,,,,,,,,,,,,,,,,,,,,,,,,,,,,,
20160801104503,"2016/08/01 10:45:03",2040621_A,operator7,Fini,2,04,062,1,A,"Gseo test 1",50,1,1,,,,,,,,,,,,2,,,,,,,,,,,,,,,,,,,2,2,2,3,,1,2,2,1,3,,2,,999,1,666,us,666,usa,1,25,4,25,2,1,2,1,2,1,1,1,2,1,1,2,3,1,1,1,1,1,1,1,2,1,1,2,2,1,1,1,2,1,15,2,1,1,Poumon,1,1,2,2,2,1,4,6,2,2,1,1,5,4,3,5,3,1,1,0,1,0,0,,,1,1,2,15,1,1,1,2,7,,,1,0,1,1,0,0,1,0,1,0,0,0,0,0,0,0,0,,,,1,1,1,1,1,80,80,120,120,2,80,80,120,120,2,90,90,120,120,50,50,80,80,25,25,120,120
20160801093319,"2016/08/01 09:33:19",3030082_A,operator2,Fini,3,03,008,2,A,"Ot another ",50,1,1,,,,,,,,,,,,1,3,,,,,,,,,,,,,,,,,,1,3,3,4,,2,3,2,2,4,,3,,2,2,,,2,,1,888,3,20,2,2,2,4,2,1,1,2,2,1,1,4,2,1,2,3,1,1,2,2,3,2,2,2,3,2,2,1,1,2,,,999,4,,2,2,1,3,2,2,1,2,0,2,2,3,5,3,5,4,4,,,,,,,,,,,,,,,,,,,,,,,,,,,,,,,,,,,,,,,,,,,3,,,,,,,,,,,,,,,,,,999,999,999,999,999,999
20160801085706,"2016/08/01 08:57:06",1010013_A,operator2,Fini,1,01,001,3,A,"Ot exit as 5yo",60,1,1,,,,,,,,,,,,1,3,,,,,,,,,,,,,,,,,,2,2,4,666,"Test q4",2,3,2,1,666,"Test q9",666,"Test q10",1,2,666,"Test q13",666,"Test q14",2,30,5,9,2,2,2,2,2,2,2,1,3,2,1,4,6,2,2,2,1,1,1,2,3,2,1,2,2,1,2,2,2,1,25,2,2,3,"Test q52",1,1,3,3,3,2,2,6,2,2,1,1,2,3,4,5,999,1,1,0,1,0,666,"Test q66",,1,2,3,2,1,1,2,2,,,3,1,0,1,0,1,0,0,0,0,0,0,0,0,0,0,0,666,"Test q76",,,1,1,2,1,2,120,120,79,79,1,119,119,78,78,2,118,118,78,78,30,30,169,169,130,130,60,60
20160801084338,"2016/08/01 08:43:38",1010011_B,operator2,"Pa kapab komprenn konsantman",1,01,001,1,B,"Ot exit as 2yo",22,2,,,,,,,,,,,,,,,,,,,,,,,,,,,,,,,,,,,,,,,,,,,,,,,,,,,,,,,,,,,,,,,,,,,,,,,,,,,,,,,,,,,,,,,,,,,,,,,,,,,,,,,,,,,,,,,,,,,,,,,,,,,,,,,,,,,,,,,,,,,,,,,,,,,,,,,,,,,,,,,,,,,,,,,,,,,,
20160801080845,"2016/08/01 08:08:45",1010023_A,operator2,Refize,1,01,002,3,A,"Ot refize",32,1,3,0,0,1,0,0,0,0,0,0,,3,,,,,,,,,,,,,,,,,,,,,,,,,,,,,,,,,,,,,,,,,,,,,,,,,,,,,,,,,,,,,,,,,,,,,,,,,,,,,,,,,,,,,,,,,,,,,,,,,,,,,,,,,,,,,,,,,,,,,,,,,,,,,,,,,,,,,,,,,,,,,,,,,,,,,,,,,,,,,,,,
20160801080605,"2016/08/01 08:06:05",1010023_A,operator2,"Poko fini",1,01,002,3,A,"Ot kanpe at q18",23,1,1,,,,,,,,,,,,1,1,1,120,120,80,80,2,119,119,79,79,2,118,118,78,78,20,20,2,3,2,3,,1,3,2,2,4,,2,,2,1,4,,2,,1,36,4,20,,,,,,,,,,,,,,,,,,,,,,,,,,,,,,,,,,,,,,,,,,,,,,,,,,,,,,,,,,,,,,,,,,,,,,,,,,,,,,,,,,,,,,,,,,,,,,,,,,,,,,,,,,,,,,,,,,,,,,
20160801080130,"2016/08/01 08:01:30",1010021_B,operator2,"Retounen pi ta",1,01,002,1,B,"Ot exit as come back later 2",22,1,3,1,0,0,1,0,0,0,0,0,,2,,,,,,,,,,,,,,,,,,,,,,,,,,,,,,,,,,,,,,,,,,,,,,,,,,,,,,,,,,,,,,,,,,,,,,,,,,,,,,,,,,,,,,,,,,,,,,,,,,,,,,,,,,,,,,,,,,,,,,,,,,,,,,,,,,,,,,,,,,,,,,,,,,,,,,,,,,,,,,,,
20160801080032,"2016/08/01 08:00:32",1010021_A,operator2,"Retounen pi ta",1,01,002,1,A,"Ot exit as ccome back later 1",22,1,2,,,,,,,,,,,,,,,,,,,,,,,,,,,,,,,,,,,,,,,,,,,,,,,,,,,,,,,,,,,,,,,,,,,,,,,,,,,,,,,,,,,,,,,,,,,,,,,,,,,,,,,,,,,,,,,,,,,,,,,,,,,,,,,,,,,,,,,,,,,,,,,,,,,,,,,,,,,,,,,,,,,,,,,,,,,
20160801075829,"2016/08/01 07:58:29",1010012_B,operator2,"Poko fini",1,01,001,2,B,"Ot exit 4yo",4,,,,,,,,,,,,,,,,,,,,,,,,,,,,,,,,,,,,,,,,,,,,,,,,,,,,,,,,,,,,,,,,,,,,,,,,,,,,,,,,,,,,,,,,,,,,,,,,,,,,,,,,,,,,,,,,,,,,,,,,,,,,,,,,,,,,,,,,,,,,,,,,,,,,,,,,,,,,,,,,,,,,,,,,,,,,,
20160801075814,"2016/08/01 07:58:14",1010012_A,operator2,"Pa kalifye",1,01,001,2,A,"Ot exit as 3yo",3,,,,,,,,,,,,,,,,,,,,,,,,,,,,,,,,,,,,,,,,,,,,,,,,,,,,,,,,,,,,,,,,,,,,,,,,,,,,,,,,,,,,,,,,,,,,,,,,,,,,,,,,,,,,,,,,,,,,,,,,,,,,,,,,,,,,,,,,,,,,,,,,,,,,,,,,,,,,,,,,,,,,,,,,,,,,,
20160801075755,"2016/08/01 07:57:55",1010015_B,operator2,"Pa kalifye",1,01,001,5,B,"Ot exit as 10yo",10,,,,,,,,,,,,,,,,,,,,,,,,,,,,,,,,,,,,,,,,,,,,,,,,,,,,,,,,,,,,,,,,,,,,,,,,,,,,,,,,,,,,,,,,,,,,,,,,,,,,,,,,,,,,,,,,,,,,,,,,,,,,,,,,,,,,,,,,,,,,,,,,,,,,,,,,,,,,,,,,,,,,,,,,,,,,,
20160801075703,"2016/08/01 07:57:03",1010015_A,operator2,"Pa kalifye",1,01,001,5,A,"Ot exit as 9yo",9,,,,,,,,,,,,,,,,,,,,,,,,,,,,,,,,,,,,,,,,,,,,,,,,,,,,,,,,,,,,,,,,,,,,,,,,,,,,,,,,,,,,,,,,,,,,,,,,,,,,,,,,,,,,,,,,,,,,,,,,,,,,,,,,,,,,,,,,,,,,,,,,,,,,,,,,,,,,,,,,,,,,,,,,,,,,,
20160801075452,"2016/08/01 07:54:52",1010011_A,operator2,"Pa kapab komprenn konsantman",1,01,001,1,A,"Ot exit 1yo",21,2,,,,,,,,,,,,,,,,,,,,,,,,,,,,,,,,,,,,,,,,,,,,,,,,,,,,,,,,,,,,,,,,,,,,,,,,,,,,,,,,,,,,,,,,,,,,,,,,,,,,,,,,,,,,,,,,,,,,,,,,,,,,,,,,,,,,,,,,,,,,,,,,,,,,,,,,,,,,,,,,,,,,,,,,,,,,
20160801075359,"2016/08/01 07:53:59",1010014_B,operator2,"Pa kalifye",1,01,001,4,B,"Ot exit as 8yo",8,,,,,,,,,,,,,,,,,,,,,,,,,,,,,,,,,,,,,,,,,,,,,,,,,,,,,,,,,,,,,,,,,,,,,,,,,,,,,,,,,,,,,,,,,,,,,,,,,,,,,,,,,,,,,,,,,,,,,,,,,,,,,,,,,,,,,,,,,,,,,,,,,,,,,,,,,,,,,,,,,,,,,,,,,,,,,
20160801075307,"2016/08/01 07:53:07",1010014_A,operator2,"Pa kalifye",1,01,001,4,A,"Ot exit as  7yo",7,,,,,,,,,,,,,,,,,,,,,,,,,,,,,,,,,,,,,,,,,,,,,,,,,,,,,,,,,,,,,,,,,,,,,,,,,,,,,,,,,,,,,,,,,,,,,,,,,,,,,,,,,,,,,,,,,,,,,,,,,,,,,,,,,,,,,,,,,,,,,,,,,,,,,,,,,,,,,,,,,,,,,,,,,,,,,
20160801075109,"2016/08/01 07:51:09",1010013_A,operator2,"Pa kalifye",1,01,001,3,A,"Ot exit as 5yo",6,,,,,,,,,,,,,,,,,,,,,,,,,,,,,,,,,,,,,,,,,,,,,,,,,,,,,,,,,,,,,,,,,,,,,,,,,,,,,,,,,,,,,,,,,,,,,,,,,,,,,,,,,,,,,,,,,,,,,,,,,,,,,,,,,,,,,,,,,,,,,,,,,,,,,,,,,,,,,,,,,,,,,,,,,,,,,
20160801074909,"2016/08/01 07:49:09",1010012_B,operator2,"Pa kalifye",1,01,001,2,B,"Ot exit 4yo",4,,,,,,,,,,,,,,,,,,,,,,,,,,,,,,,,,,,,,,,,,,,,,,,,,,,,,,,,,,,,,,,,,,,,,,,,,,,,,,,,,,,,,,,,,,,,,,,,,,,,,,,,,,,,,,,,,,,,,,,,,,,,,,,,,,,,,,,,,,,,,,,,,,,,,,,,,,,,,,,,,,,,,,,,,,,,,
20160801074804,"2016/08/01 07:48:04",1010012_A,operator2,"Pa kalifye",1,01,001,2,A,"Ot exit as 3yo",3,,,,,,,,,,,,,,,,,,,,,,,,,,,,,,,,,,,,,,,,,,,,,,,,,,,,,,,,,,,,,,,,,,,,,,,,,,,,,,,,,,,,,,,,,,,,,,,,,,,,,,,,,,,,,,,,,,,,,,,,,,,,,,,,,,,,,,,,,,,,,,,,,,,,,,,,,,,,,,,,,,,,,,,,,,,,,
20160801074703,"2016/08/01 07:47:03",1010011_B,operator2,"Pa kalifye",1,01,001,1,B,"Ot exit as 2yo",2,,,,,,,,,,,,,,,,,,,,,,,,,,,,,,,,,,,,,,,,,,,,,,,,,,,,,,,,,,,,,,,,,,,,,,,,,,,,,,,,,,,,,,,,,,,,,,,,,,,,,,,,,,,,,,,,,,,,,,,,,,,,,,,,,,,,,,,,,,,,,,,,,,,,,,,,,,,,,,,,,,,,,,,,,,,,,
20160801074601,"2016/08/01 07:46:01",1010011_A,operator2,"Pa kalifye",1,01,001,1,A,"Ot exit 1yo",1,,,,,,,,,,,,,,,,,,,,,,,,,,,,,,,,,,,,,,,,,,,,,,,,,,,,,,,,,,,,,,,,,,,,,,,,,,,,,,,,,,,,,,,,,,,,,,,,,,,,,,,,,,,,,,,,,,,,,,,,,,,,,,,,,,,,,,,,,,,,,,,,,,,,,,,,,,,,,,,,,,,,,,,,,,,,,
20160730161008,"2016/07/30 16:10:08",4040464_A,dev7,"Poko fini",4,04,046,4,A,gggh,55,1,3,1,1,0,1,1,0,1,1,666,"customer test ",1,,1,,,,,,,,,,,,,,,,,,,,,,,,,,,,,,,,,,,,,,,,,,,,,,,,,,,,,,,,,,,,,,,,,,,,,,,,,,,,,,,,,,,,,,,,,,,,,,,,,,,,,,,,,,,,,,,,,,,,,,,,,,,,,,,,,,,,,,,,,,,,,,,,,,,,,,,,,,,,,,
20160730160427,"2016/07/30 16:04:27",1010011_A,dev7,"Poko fini",1,01,001,1,A,1111111111,100,1,1,,,,,,,,,,,,1,1,1,61,61,41,41,1,62,62,42,42,1,63,63,43,43,12,12,1,1,1,1,,1,1,,,,,,,,,,,,,,,,,,,,,,,,,,,,,,,,,,,,,,,,,,,,,,,,,,,,,,,,,,,,,,,,,,,,,,,,,,,,,,,,,,,,,,,,,,,,,,,,,,,,,,,,,,,,,,,,,,,,,,,,,,,,,,,,,,,,,,
20160730142024,"2016/07/30 14:20:24",1050053_A,o,"Poko fini",1,05,005,3,A,test1,50,1,1,,,,,,,,,,,,1,1,1,80,80,50,50,1,60,60,50,50,1,60,60,50,50,,,,,,,,,,,,,,,,,,,,,,,,,,,,,,,,,,,,,,,,,,,,,,,,,,,,,,,,,,,,,,,,,,,,,,,,,,,,,,,,,,,,,,,,,,,,,,,,,,,,,,,,,,,,,,,,,,,,,,,,,,,,,,,,,,,,,,,,,,,,,,,
20160730113006,"2016/07/30 11:30:06",1040083_A,o,"Poko fini",1,04,008,3,A,"New Test",20,1,,,,,,,,,,,,,,,,,,,,,,,,,,,,,,,,,,,,,,,,,,,,,,,,,,,,,,,,,,,,,,,,,,,,,,,,,,,,,,,,,,,,,,,,,,,,,,,,,,,,,,,,,,,,,,,,,,,,,,,,,,,,,,,,,,,,,,,,,,,,,,,,,,,,,,,,,,,,,,,,,,,,,,,,,,,,
20160730112825,"2016/07/30 11:28:25",3040163_A,o,"Pa kalifye",3,04,016,3,A,Final,5,,,,,,,,,,,,,,,,,,,,,,,,,,,,,,,,,,,,,,,,,,,,,,,,,,,,,,,,,,,,,,,,,,,,,,,,,,,,,,,,,,,,,,,,,,,,,,,,,,,,,,,,,,,,,,,,,,,,,,,,,,,,,,,,,,,,,,,,,,,,,,,,,,,,,,,,,,,,,,,,,,,,,,,,,,,,,
20160730111626,"2016/07/30 11:16:26",1010031_A,operator2,"Poko fini",1,01,003,1,A,"Ot check q13 as other",55,1,1,,,,,,,,,,,,1,1,2,69,69,80,80,2,70,70,55,55,1,280,280,069,069,28,28,2,2,3,666,"Test q4",2,2,2,2,666,"Test q9",666,"Test q10",1,1,666,Usa,4,,1,888,888,888,2,2,4,,2,1,2,2,4,1,999,2,999,999,2,3,2,,2,2,3,3,2,1,999,999,2,1,1,1,28,2,2,3,999,999,999,999,999,999,2,999,999,999,3,1,1,2,3,4,5,999,1,0,0,1,0,0,,,1,999,999,999,,,,,,,,,,,,,,,,,,,,,,,,,,,,,,,,,,,,,,,,,,,,,,,,,,,,,,
20160730110607,"2016/07/30 11:06:07",3040113_A,o,"Poko fini",3,04,011,3,A,Test2,50,1,,,,,,,,,,,,,,,,,,,,,,,,,,,,,,,,,,,,,,,,,,,,,,,,,,,,,,,,,,,,,,,,,,,,,,,,,,,,,,,,,,,,,,,,,,,,,,,,,,,,,,,,,,,,,,,,,,,,,,,,,,,,,,,,,,,,,,,,,,,,,,,,,,,,,,,,,,,,,,,,,,,,,,,,,,,,
20160730110538,"2016/07/30 11:05:38",1010082_A,o,"Poko fini",1,01,008,2,A,Test,20,,,,,,,,,,,,,,,,,,,,,,,,,,,,,,,,,,,,,,,,,,,,,,,,,,,,,,,,,,,,,,,,,,,,,,,,,,,,,,,,,,,,,,,,,,,,,,,,,,,,,,,,,,,,,,,,,,,,,,,,,,,,,,,,,,,,,,,,,,,,,,,,,,,,,,,,,,,,,,,,,,,,,,,,,,,,,
20160730105951,"2016/07/30 10:59:51",1010025_A,operator2,"Poko fini",1,01,002,5,A,"Ot kanpe at q16",36,1,1,,,,,,,,,,,,1,3,,,,,,,,,,,,,,,,,,1,2,2,4,,1,2,2,3,666,Hh,666,Y,2,2,,,666,U,1,888,888,888,2,1,,,,,,,,,,,,,,,,,,,,,,,,,,,,,,,,,,,,,,,,,,,,,,,,,,,,,,,,,,,,,,,,,,,,,,,,,,,,,,,,,,,,,,,,,,,,,,,,,,,,,,,,,,,,,,,,,,,,
20160730105816,"2016/07/30 10:58:16",1020262_B,operator7,Fini,1,02,026,2,B,"Gseo full test",40,1,1,,,,,,,,,,,,2,,,,,,,,,,,,,,,,,,,2,3,2,4,,1,2,2,1,4,,4,,1,1,3,,1,,1,25,2,25,2,1,3,1,2,1,2,2,2,2,1,2,5,1,1,2,2,,2,1,3,2,1,1,2,999,1,2,2,1,15,1,1,1,Poumon,1,1,2,3,5,2,2,1,6,2,1,1,4,3,3,5,4,1,1,1,0,1,0,,,1,1,2,1,1,1,2,2,24,,,0,0,1,0,0,1,0,0,0,0,0,0,0,0,0,0,666,Other,,,1,1,2,1,2,80,80,120,120,1,60,60,120,120,1,200,200,50,50,50,50,888,888,65,65,85,85
20160730105721,"2016/07/30 10:57:21",1010025_A,operator2,"Poko fini",1,01,002,5,A,"Ot kanpe at q16",36,1,1,,,,,,,,,,,,1,3,,,,,,,,,,,,,,,,,,1,2,2,4,,1,2,2,3,666,Hh,666,Y,2,2,,,666,U,,,,,,,,,,,,,,,,,,,,,,,,,,,,,,,,,,,,,,,,,,,,,,,,,,,,,,,,,,,,,,,,,,,,,,,,,,,,,,,,,,,,,,,,,,,,,,,,,,,,,,,,,,,,,,,,,,,,,,,,,,
20160730104758,"2016/07/30 10:47:58",1010024_A,operator2,Fini,1,01,002,4,A,"Ot complete survey",80,1,1,,,,,,,,,,,,1,3,,,,,,,,,,,,,,,,,,2,2,4,9,,1,3,2,3,4,,4,,2,2,,,666,"Test q14",1,3,3,20,2,1,3,3,2,1,2,1,2,1,2,1,3,1,2,2,1,2,1,3,2,3,999,2,3,999,1,2,2,2,,,1,2,"Test q52",2,2,1,2,6,1,0,5,2,2,2,1,5,4,3,2,5,1,1,1,0,0,0,,,1,1,3,2,1,2,1,2,30,,,1,0,1,0,1,0,0,0,0,0,0,0,0,0,0,0,0,,,,1,2,2,1,1,120,120,80,80,2,119,119,79,79,1,118,118,78,78,28,28,169,169,130,130,80,80
20160730104609,"2016/07/30 10:46:09",2040121_A,operator7,"Pa kalifye",2,04,012,1,A,Gseo,15,,,,,,,,,,,,,,,,,,,,,,,,,,,,,,,,,,,,,,,,,,,,,,,,,,,,,,,,,,,,,,,,,,,,,,,,,,,,,,,,,,,,,,,,,,,,,,,,,,,,,,,,,,,,,,,,,,,,,,,,,,,,,,,,,,,,,,,,,,,,,,,,,,,,,,,,,,,,,,,,,,,,,,,,,,,,,
20160730104550,"2016/07/30 10:45:50",3040144_B,operator7,"Retounen pi ta",3,04,014,4,B,"Gseo test 3",68,1,3,0,0,0,0,1,0,0,0,0,,2,,,,,,,,,,,,,,,,,,,,,,,,,,,,,,,,,,,,,,,,,,,,,,,,,,,,,,,,,,,,,,,,,,,,,,,,,,,,,,,,,,,,,,,,,,,,,,,,,,,,,,,,,,,,,,,,,,,,,,,,,,,,,,,,,,,,,,,,,,,,,,,,,,,,,,,,,,,,,,,,
20160730104515,"2016/07/30 10:45:15",1030133_A,operator7,"Pa kapab komprenn konsantman",1,03,013,3,A,"Gseo test 2",42,2,,,,,,,,,,,,,,,,,,,,,,,,,,,,,,,,,,,,,,,,,,,,,,,,,,,,,,,,,,,,,,,,,,,,,,,,,,,,,,,,,,,,,,,,,,,,,,,,,,,,,,,,,,,,,,,,,,,,,,,,,,,,,,,,,,,,,,,,,,,,,,,,,,,,,,,,,,,,,,,,,,,,,,,,,,,,
20160730104443,"2016/07/30 10:44:43",2040261_A,operator7,"Poko fini",2,04,026,1,A,"Gseo test 1",50,1,1,,,,,,,,,,,,2,,,,,,,,,,,,,,,,,,,2,3,2,3,,2,2,2,,,,,,,,,,,,,,,,,,,,,,,,,,,,,,,,,,,,,,,,,,,,,,,,,,,,,,,,,,,,,,,,,,,,,,,,,,,,,,,,,,,,,,,,,,,,,,,,,,,,,,,,,,,,,,,,,,,,,,,,,,,,,,,,,,,,,
20160730103107,"2016/07/30 10:31:07",1010023_A,operator2,"Retounen pi ta",1,01,002,3,A,"Ot exit as return later 2",33,1,3,1,0,0,0,0,0,0,0,0,,2,,,,,,,,,,,,,,,,,,,,,,,,,,,,,,,,,,,,,,,,,,,,,,,,,,,,,,,,,,,,,,,,,,,,,,,,,,,,,,,,,,,,,,,,,,,,,,,,,,,,,,,,,,,,,,,,,,,,,,,,,,,,,,,,,,,,,,,,,,,,,,,,,,,,,,,,,,,,,,,,
20160730103015,"2016/07/30 10:30:15",1010022_A,operator2,"Retounen pi ta",1,01,002,2,A,"Ot 7 exit as return later1",32,1,2,,,,,,,,,,,,,,,,,,,,,,,,,,,,,,,,,,,,,,,,,,,,,,,,,,,,,,,,,,,,,,,,,,,,,,,,,,,,,,,,,,,,,,,,,,,,,,,,,,,,,,,,,,,,,,,,,,,,,,,,,,,,,,,,,,,,,,,,,,,,,,,,,,,,,,,,,,,,,,,,,,,,,,,,,,,
20160730102757,"2016/07/30 10:27:57",1010021_A,operator2,Refize,1,01,002,1,A,"Ot6 exit as refused",31,1,3,0,0,1,1,1,0,0,0,0,,3,,,,,,,,,,,,,,,,,,,,,,,,,,,,,,,,,,,,,,,,,,,,,,,,,,,,,,,,,,,,,,,,,,,,,,,,,,,,,,,,,,,,,,,,,,,,,,,,,,,,,,,,,,,,,,,,,,,,,,,,,,,,,,,,,,,,,,,,,,,,,,,,,,,,,,,,,,,,,,,,
20160730100353,"2016/07/30 10:03:53",1010011_A,operator2,"Pa kapab komprenn konsantman",1,01,001,1,A,"Ot end as underm18",21,2,,,,,,,,,,,,,,,,,,,,,,,,,,,,,,,,,,,,,,,,,,,,,,,,,,,,,,,,,,,,,,,,,,,,,,,,,,,,,,,,,,,,,,,,,,,,,,,,,,,,,,,,,,,,,,,,,,,,,,,,,,,,,,,,,,,,,,,,,,,,,,,,,,,,,,,,,,,,,,,,,,,,,,,,,,,,
20160730100332,"2016/07/30 10:03:32",1010011_A,operator2,"Pa kalifye",1,01,001,1,A,"Ot end as underm18",1,,,,,,,,,,,,,,,,,,,,,,,,,,,,,,,,,,,,,,,,,,,,,,,,,,,,,,,,,,,,,,,,,,,,,,,,,,,,,,,,,,,,,,,,,,,,,,,,,,,,,,,,,,,,,,,,,,,,,,,,,,,,,,,,,,,,,,,,,,,,,,,,,,,,,,,,,,,,,,,,,,,,,,,,,,,,,
20160730100208,"2016/07/30 10:02:08",1010015_A,operator2,"Pa kalifye",1,01,001,5,A,"Ot5 exit as under18",5,,,,,,,,,,,,,,,,,,,,,,,,,,,,,,,,,,,,,,,,,,,,,,,,,,,,,,,,,,,,,,,,,,,,,,,,,,,,,,,,,,,,,,,,,,,,,,,,,,,,,,,,,,,,,,,,,,,,,,,,,,,,,,,,,,,,,,,,,,,,,,,,,,,,,,,,,,,,,,,,,,,,,,,,,,,,,
20160730100129,"2016/07/30 10:01:29",1010014_A,operator2,"Pa kalifye",1,01,001,4,A,"Ot4 exit as under 18",4,,,,,,,,,,,,,,,,,,,,,,,,,,,,,,,,,,,,,,,,,,,,,,,,,,,,,,,,,,,,,,,,,,,,,,,,,,,,,,,,,,,,,,,,,,,,,,,,,,,,,,,,,,,,,,,,,,,,,,,,,,,,,,,,,,,,,,,,,,,,,,,,,,,,,,,,,,,,,,,,,,,,,,,,,,,,,
20160730100041,"2016/07/30 10:00:41",1010013_A,operator2,"Pa kalifye",1,01,001,3,A,"Ot3 exit as under 18",3,,,,,,,,,,,,,,,,,,,,,,,,,,,,,,,,,,,,,,,,,,,,,,,,,,,,,,,,,,,,,,,,,,,,,,,,,,,,,,,,,,,,,,,,,,,,,,,,,,,,,,,,,,,,,,,,,,,,,,,,,,,,,,,,,,,,,,,,,,,,,,,,,,,,,,,,,,,,,,,,,,,,,,,,,,,,,
20160730095959,"2016/07/30 09:59:59",1010012_A,operator2,"Pa kalifye",1,01,001,2,A,"Ot2 exit as under 18",2,,,,,,,,,,,,,,,,,,,,,,,,,,,,,,,,,,,,,,,,,,,,,,,,,,,,,,,,,,,,,,,,,,,,,,,,,,,,,,,,,,,,,,,,,,,,,,,,,,,,,,,,,,,,,,,,,,,,,,,,,,,,,,,,,,,,,,,,,,,,,,,,,,,,,,,,,,,,,,,,,,,,,,,,,,,,,
20160730095909,"2016/07/30 09:59:09",1010011_A,operator2,"Pa kalifye",1,01,001,1,A,"Ot end as underm18",1,,,,,,,,,,,,,,,,,,,,,,,,,,,,,,,,,,,,,,,,,,,,,,,,,,,,,,,,,,,,,,,,,,,,,,,,,,,,,,,,,,,,,,,,,,,,,,,,,,,,,,,,,,,,,,,,,,,,,,,,,,,,,,,,,,,,,,,,,,,,,,,,,,,,,,,,,,,,,,,,,,,,,,,,,,,,,
20160730074700,"2016/07/30 07:47:00",1030051_A,o,Fini,1,03,005,1,A,"Have 1",25,1,1,,,,,,,,,,,,1,1,2,180,180,50,50,2,78,78,55,55,2,70,70,50,50,55,55,1,1,4,4,,2,3,2,2,4,,4,,2,2,,,1,,1,888,888,888,2,1,4,,2,1,1,2,2,1,1,2,999,2,999,2,999,2,1,4,2,3,1,1,1,1,1,1,2,1,999,2,1,3,999,2,1,3,2,999,1,999,999,999,1,3,1,3,4,2,3,2,,,,,,,,,,,,,,,,,,,,,,,,,,,,,,,,,,,,,,,,,,,,,,,,,,,,,,,,,,,,,888,888,888,888,888,888
20160730074240,"2016/07/30 07:42:40",1010011_A,o,"Poko fini",1,01,001,1,A,User1,18,1,3,0,0,0,0,0,0,0,1,0,,1,,3,,,,,,,,,,,,,,,,,,2,4,4,6,,1,1,999,2,1,,4,,1,2,,,3,,1,,,,,,,,,,,,,,,,,,,,,,,,,,,,,,,,,,,,,,,,,,,,,,,,,,,,,,,,,,,,,,,,,,,,,,,,,,,,,,,,,,,,,,,,,,,,,,,,,,,,,,,,,,,,,,,,,,,,,,,,,
20160729174324,"2016/07/29 17:43:24",1010042_A,o,"Poko fini",1,01,004,2,A,Test,50,,,,,,,,,,,,,,,,,,,,,,,,,,,,,,,,,,,,,,,,,,,,,,,,,,,,,,,,,,,,,,,,,,,,,,,,,,,,,,,,,,,,,,,,,,,,,,,,,,,,,,,,,,,,,,,,,,,,,,,,,,,,,,,,,,,,,,,,,,,,,,,,,,,,,,,,,,,,,,,,,,,,,,,,,,,,,
20160729172024,"2016/07/29 17:20:24",2040071_A,o,Fini,2,04,007,1,A,Vjb,86,1,1,,,,,,,,,,,,1,1,1,80,80,80,80,1,80,80,80,80,2,90,90,40,40,40,40,2,1,2,1,,1,1,1,1,1,,1,,1,1,8,,1,,1,6,4,50,1,1,1,1,1,1,1,2,1,1,1,1,8,1,1,1,1,1,1,1,1,1,1,1,1,1,1,1,1,1,5,1,1,1,"Vn nk",1,1,1,1,6,1,5,5,5,2,6,1,2,2,1,1,1,1,0,0,0,0,666,Hvx,,1,1,20,20,2,1,1,1,,,,,,,,,,,,,,,,,,,,,,,,1,1,1,,,,,,,,,,,,,,,,,,,60,60,60,60,60,60
20160729161300,"2016/07/29 16:13:00",2050061_B,o,"Pa kalifye",2,05,006,1,B,Gb,08,,,,,,,,,,,,,,,,,,,,,,,,,,,,,,,,,,,,,,,,,,,,,,,,,,,,,,,,,,,,,,,,,,,,,,,,,,,,,,,,,,,,,,,,,,,,,,,,,,,,,,,,,,,,,,,,,,,,,,,,,,,,,,,,,,,,,,,,,,,,,,,,,,,,,,,,,,,,,,,,,,,,,,,,,,,,,
20160729154952,"2016/07/29 15:49:52",1030091_A,operator3,Fini,1,03,009,1,A,"Ot late",25,1,3,1,0,1,0,1,0,1,1,0,,1,,3,,,,,,,,,,,,,,,,,,2,3,3,5,,1,3,2,3,4,,4,,2,2,,,2,,2,888,888,888,999,2,4,,2,2,999,2,3,2,999,3,999,2,999,3,2,,2,2,4,3,999,2,3,2,2,999,3,2,,,2,3,999,2,2,3,3,999,999,999,999,999,999,3,2,5,5,4,4,5,1,1,0,1,1,0,,,1,2,999,3,1,1,2,2,8,,,1,0,1,0,0,0,0,0,0,0,0,0,0,0,0,1,0,,,,999,999,888,3,,,,,,,,,,,,,,,,,,888,888,888,888,888,888
20160729150604,"2016/07/29 15:06:04",1010042_A,o,Fini,1,01,004,2,A,"Xnmv ",50,1,1,,,,,,,,,,,,1,1,1,60,60,60,60,1,60,60,40,40,1,60,60,60,60,60,60,1,2,1,1,,1,1,1,1,1,,2,,1,1,1,,2,,1,60,0,50,1,1,1,1,1,1,1,1,1,1,1,1,5,1,1,1,1,1,1,1,1,1,1,1,2,1,1,1,1,1,50,1,1,1,Gdjs,1,1,1,1,6,1,6,6,6,1,1,1,1,1,1,1,1,,,,,,,,,,,,,,,,,,,,,,,,,,,,,,,,,,,,,,,,,,,,,,,,,,,,,,,,,,,,,66,66,66,66,66,66
20160729144842,"2016/07/29 14:48:42",1010031_A,o,"Poko fini",1,01,003,1,A,Hellow,50,1,1,,,,,,,,,,,,1,,,,,,,,,,,,,,,,,,,,,,,,,,,,,,,,,,,,,,,,,,,,,,,,,,,,,,,,,,,,,,,,,,,,,,,,,,,,,,,,,,,,,,,,,,,,,,,,,,,,,,,,,,,,,,,,,,,,,,,,,,,,,,,,,,,,,,,,,,,,,,,,,,,,,,,,,,,,,,,
20160729144135,"2016/07/29 14:41:35",2010071_A,o,"Poko fini",2,01,007,1,A,Hello,60,1,,,,,,,,,,,,,,,,,,,,,,,,,,,,,,,,,,,,,,,,,,,,,,,,,,,,,,,,,,,,,,,,,,,,,,,,,,,,,,,,,,,,,,,,,,,,,,,,,,,,,,,,,,,,,,,,,,,,,,,,,,,,,,,,,,,,,,,,,,,,,,,,,,,,,,,,,,,,,,,,,,,,,,,,,,,,
20160729120436,"2016/07/29 12:04:36",1020051_A,o,Fini,1,02,005,1,A,Fn,89,1,1,,,,,,,,,,,,1,1,1,60,60,68,68,1,60,60,60,60,1,60,60,60,60,60,60,1,1,1,1,,1,1,1,1,1,,1,,1,2,,,1,,1,50,5,50,1,1,2,1,1,1,1,1,1,1,1,2,5,1,1,1,1,1,1,1,2,1,1,1,2,1,1,1,1,1,50,1,1,2,G,1,1,1,1,4,1,6,6,6,1,2,2,4,3,3,2,2,,,,,,,,,,,,,,,,,,,,,,,,,,,,,,,,,,,,,,,,,,,,,,,,,,,,,,,,,,,,,60,60,60,60,60,60
20160729120038,"2016/07/29 12:00:38",1010061_A,o,Fini,1,01,006,1,A,Bdj,50,1,1,,,,,,,,,,,,2,,,,,,,,,,,,,,,,,,,1,1,2,1,,1,1,1,1,1,,2,,1,1,1,,1,,1,25,5,15,1,1,1,1,1,1,1,1,2,1,1,1,5,1,1,1,1,1,1,3,1,1,1,1,1,1,1,1,1,1,8,1,1,1,Chhk,1,1,2,1,5,1,5,2,5,1,1,1,2,1,1,1,1,,,,,,,,,,,,,,,,,,,,,,,,,,,,,,,,,,,,,,,,,,,1,1,60,60,60,60,1,60,60,60,60,1,60,60,60,60,60,60,60,60,60,60,60,60
20160729104143,"2016/07/29 10:41:43",3020153_A,operator3,"Pa kalifye",3,02,015,3,A,Ot2,7,,,,,,,,,,,,,,,,,,,,,,,,,,,,,,,,,,,,,,,,,,,,,,,,,,,,,,,,,,,,,,,,,,,,,,,,,,,,,,,,,,,,,,,,,,,,,,,,,,,,,,,,,,,,,,,,,,,,,,,,,,,,,,,,,,,,,,,,,,,,,,,,,,,,,,,,,,,,,,,,,,,,,,,,,,,,,
20160729103422,"2016/07/29 10:34:22",3040753_A,operator7,"Poko fini",3,04,075,3,A,"Gseo test line 41",16,,,,,,,,,,,,,,,,,,,,,,,,,,,,,,,,,,,,,,,,,,,,,,,,,,,,,,,,,,,,,,,,,,,,,,,,,,,,,,,,,,,,,,,,,,,,,,,,,,,,,,,,,,,,,,,,,,,,,,,,,,,,,,,,,,,,,,,,,,,,,,,,,,,,,,,,,,,,,,,,,,,,,,,,,,,,,
20160729102805,"2016/07/29 10:28:05",1010011_B,operator3,"Pa kalifye",1,01,001,1,B,Ot,2,,,,,,,,,,,,,,,,,,,,,,,,,,,,,,,,,,,,,,,,,,,,,,,,,,,,,,,,,,,,,,,,,,,,,,,,,,,,,,,,,,,,,,,,,,,,,,,,,,,,,,,,,,,,,,,,,,,,,,,,,,,,,,,,,,,,,,,,,,,,,,,,,,,,,,,,,,,,,,,,,,,,,,,,,,,,,
20160729101012,"2016/07/29 10:10:12",4040454_A,operator3,Refize,4,04,045,4,A,"Ot end as pa kapab komprenn",36,1,3,1,0,0,0,0,0,0,0,0,,3,,,,,,,,,,,,,,,,,,,,,,,,,,,,,,,,,,,,,,,,,,,,,,,,,,,,,,,,,,,,,,,,,,,,,,,,,,,,,,,,,,,,,,,,,,,,,,,,,,,,,,,,,,,,,,,,,,,,,,,,,,,,,,,,,,,,,,,,,,,,,,,,,,,,,,,,,,,,,,,,
20160729095206,"2016/07/29 09:52:06",4040444_A,operator3,"Poko fini",4,04,044,4,A,"Ot end bc under 18",2,,,,,,,,,,,,,,,,,,,,,,,,,,,,,,,,,,,,,,,,,,,,,,,,,,,,,,,,,,,,,,,,,,,,,,,,,,,,,,,,,,,,,,,,,,,,,,,,,,,,,,,,,,,,,,,,,,,,,,,,,,,,,,,,,,,,,,,,,,,,,,,,,,,,,,,,,,,,,,,,,,,,,,,,,,,,,
20160729094233,"2016/07/29 09:42:33",1040141_A,operator7,"Pa kapab komprenn konsantman",1,04,014,1,A,"Gseo test line 41 2nd",19,2,,,,,,,,,,,,,,,,,,,,,,,,,,,,,,,,,,,,,,,,,,,,,,,,,,,,,,,,,,,,,,,,,,,,,,,,,,,,,,,,,,,,,,,,,,,,,,,,,,,,,,,,,,,,,,,,,,,,,,,,,,,,,,,,,,,,,,,,,,,,,,,,,,,,,,,,,,,,,,,,,,,,,,,,,,,,
20160729094118,"2016/07/29 09:41:18",4040464_A,operator3,"Poko fini",4,04,046,4,A,"Ot end bc refuse",55,1,3,1,0,1,0,1,0,1,0,0,,1,,2,,,,,,,,,,,,,,,,,,1,3,2,8,,2,3,2,2,4,,,,,,,,,,,,,,,,,,,,,,,,,,,,,,,,,,,,,,,,,,,,,,,,,,,,,,,,,,,,,,,,,,,,,,,,,,,,,,,,,,,,,,,,,,,,,,,,,,,,,,,,,,,,,,,,,,,,,,,,,,,,,,,,,,,
20160729091139,"2016/07/29 09:11:39",4041062_A,operator7,Fini,4,04,106,2,A,"Gseo test 2",48,1,1,,,,,,,,,,,,1,3,,,,,,,,,,,,,,,,,,1,3,4,2,,2,1,2,4,4,,1,,2,2,,,2,,2,150,3,6,2,1,3,2,2,1,1,2,4,999,2,4,3,2,2,2,2,,2,1,3,3,2,2,2,1,999,2,2,2,,,2,3,999,999,2,3,4,3,2,3,3,5,3,1,1,5,5,4,3,4,,,,,,,,,,,,,,,,,,,,,,,,,,,,,,,,,,,,,,,,,,,1,2,80,80,120,120,1,90,90,80,80,2,80,80,50,50,50,50,70,70,120,120,50,50
20160729085555,"2016/07/29 08:55:55",3040112_A,operator7,Fini,3,04,011,2,A,"Gseo test 1",50,1,1,,,,,,,,,,,,1,2,,,,,,,,,,,,,,,,,,2,2,3,6,,2,3,2,3,6,,4,,999,1,7,,4,,1,888,888,888,2,1,2,1,999,1,2,1,3,2,1,2,5,2,2,2,2,,2,3,1,2,2,2,999,2,2,2,2,1,999,1,2,4,,1,1,2,3,2,1,2,3,5,2,1,2,5,5,5,3,3,1,1,1,0,1,0,,,1,1,2,20,1,1,1,2,6,,,0,0,0,1,0,1,0,0,1,0,0,0,0,0,1,0,0,,,,1,1,1,3,,,,,,,,,,,,,,,,,,888,888,888,888,888,888
20160729084727,"2016/07/29 08:47:27",4040464_A,operator2,"Poko fini",4,04,046,4,A,"Ot end bc refuse",55,1,3,1,0,1,0,1,0,1,0,0,,1,,2,,,,,,,,,,,,,,,,,,1,3,2,8,,2,3,,,,,,,,,,,,,,,,,,,,,,,,,,,,,,,,,,,,,,,,,,,,,,,,,,,,,,,,,,,,,,,,,,,,,,,,,,,,,,,,,,,,,,,,,,,,,,,,,,,,,,,,,,,,,,,,,,,,,,,,,,,,,,,,,,,,,,
20160729084642,"2016/07/29 08:46:42",2050501_B,operator2,Fini,2,05,050,1,B,"Ot completr",80,1,1,,,,,,,,,,,,2,,,,,,,,,,,,,,,,,,,1,2,1,5,,1,2,1,2,3,,2,,2,1,3,,2,,1,888,888,888,1,1,1,2,2,1,1,2,2,2,2,3,999,1,2,3,2,,1,2,2,2,2,1,3,2,2,1,2,2,,,1,2,999,1,2,1,1,999,2,3,3,6,2,1,1,3,2,2,3,4,,,,,,,,,,,,,,,,,,,,,,,,,,,,,,,,,,,,,,,,,,,3,,,,,,,,,,,,,,,,,,888,888,888,888,888,888
20160729084307,"2016/07/29 08:43:07",4040494_A,operator2,"Poko fini",4,04,049,4,A,"Ot end as kanpe at q4",61,1,1,,,,,,,,,,,,2,,,,,,,,,,,,,,,,,,,1,3,3,,,,,,,,,,,,,,,,,,,,,,,,,,,,,,,,,,,,,,,,,,,,,,,,,,,,,,,,,,,,,,,,,,,,,,,,,,,,,,,,,,,,,,,,,,,,,,,,,,,,,,,,,,,,,,,,,,,,,,,,,,,,,,,,,,,,,,,,,,
20160729084145,"2016/07/29 08:41:45",4040484_A,operator2,"Retounen pi ta",4,04,048,4,A,"Ot end bc come back later 2",65,1,3,1,0,1,0,1,0,1,0,0,,2,,,,,,,,,,,,,,,,,,,,,,,,,,,,,,,,,,,,,,,,,,,,,,,,,,,,,,,,,,,,,,,,,,,,,,,,,,,,,,,,,,,,,,,,,,,,,,,,,,,,,,,,,,,,,,,,,,,,,,,,,,,,,,,,,,,,,,,,,,,,,,,,,,,,,,,,,,,,,,,,
20160729084048,"2016/07/29 08:40:48",4040474_A,operator2,"Retounen pi ta",4,04,047,4,A,"Ot end bc come back laater 1",88,1,2,,,,,,,,,,,,,,,,,,,,,,,,,,,,,,,,,,,,,,,,,,,,,,,,,,,,,,,,,,,,,,,,,,,,,,,,,,,,,,,,,,,,,,,,,,,,,,,,,,,,,,,,,,,,,,,,,,,,,,,,,,,,,,,,,,,,,,,,,,,,,,,,,,,,,,,,,,,,,,,,,,,,,,,,,,,
20160729083839,"2016/07/29 08:38:39",4040454_A,operator2,"Pa kapab komprenn konsantman",4,04,045,4,A,"Ot end as pa kapab komprenn",36,2,,,,,,,,,,,,,,,,,,,,,,,,,,,,,,,,,,,,,,,,,,,,,,,,,,,,,,,,,,,,,,,,,,,,,,,,,,,,,,,,,,,,,,,,,,,,,,,,,,,,,,,,,,,,,,,,,,,,,,,,,,,,,,,,,,,,,,,,,,,,,,,,,,,,,,,,,,,,,,,,,,,,,,,,,,,,
20160729083709,"2016/07/29 08:37:09",4040444_A,operator2,"Pa kalifye",4,04,044,4,A,"Ot end bc under 18",2,,,,,,,,,,,,,,,,,,,,,,,,,,,,,,,,,,,,,,,,,,,,,,,,,,,,,,,,,,,,,,,,,,,,,,,,,,,,,,,,,,,,,,,,,,,,,,,,,,,,,,,,,,,,,,,,,,,,,,,,,,,,,,,,,,,,,,,,,,,,,,,,,,,,,,,,,,,,,,,,,,,,,,,,,,,,,
20160729070930,"2016/07/29 07:09:30",2010043_B,o,"Poko fini",2,01,004,3,B,Ghhh,55,,,,,,,,,,,,,,,,,,,,,,,,,,,,,,,,,,,,,,,,,,,,,,,,,,,,,,,,,,,,,,,,,,,,,,,,,,,,,,,,,,,,,,,,,,,,,,,,,,,,,,,,,,,,,,,,,,,,,,,,,,,,,,,,,,,,,,,,,,,,,,,,,,,,,,,,,,,,,,,,,,,,,,,,,,,,,
20160729001245,"2016/07/29 00:12:45",1010082_B,o,Refize,1,01,008,2,B,fff,44,1,3,0,0,0,0,0,0,0,1,666,555555555555555,3,1,1,,,,,,,,,,,,,,,,,,,,,,,,,,,,,,,,,,,,,,,,,,,,,,,,,,,,,,,,,,,,,,,,,,,,,,,,,,,,,,,,,,,,,,,,,,,,,,,,,,,,,,,,,,,,,,,,,,,,,,,,,,,,,,,,,,,,,,,,,,,,,,,,,,,,,,,,,,,,,,
20160729000510,"2016/07/29 00:05:10",1010045_B,o,"Poko fini",1,01,004,5,B,nnnn,80,,,,,,,,,,,,,,,,,,,,,,,,,,,,,,,,,,,,,,,,,,,,,,,,,,,,,,,,,,,,,,,,,,,,,,,,,,,,,,,,,,,,,,,,,,,,,,,,,,,,,,,,,,,,,,,,,,,,,,,,,,,,,,,,,,,,,,,,,,,,,,,,,,,,,,,,,,,,,,,,,,,,,,,,,,,,,
20160729000447,"2016/07/29 00:04:47",3050095_B,o,"Poko fini",3,05,009,5,B,qqqqqqqqqqqqq,80,1,,,,,,,,,,,,,,,,,,,,,,,,,,,,,,,,,,,,,,,,,,,,,,,,,,,,,,,,,,,,,,,,,,,,,,,,,,,,,,,,,,,,,,,,,,,,,,,,,,,,,,,,,,,,,,,,,,,,,,,,,,,,,,,,,,,,,,,,,,,,,,,,,,,,,,,,,,,,,,,,,,,,,,,,,,,,
20160728205314,"2016/07/28 20:53:14",3020015_A,dev5,Fini,3,02,001,5,A,dev5test1,36,1,1,,,,,,,,,,,,1,2,,,,,,,,,,,,,,,,,,2,2,3,4,,1,2,1,2,9,,666,Q10,1,1,666,Q13,666,Q14,1,16,1,7,1,1,999,999,999,999,999,999,1,1,1,2,3,1,1,1,1,1,1,1,2,1,1,1,1,1,1,2,1,1,20,1,1,1,Q52,1,1,1,1,7,2,7,7,7,1,1,1,2,3,4,5,999,1,1,0,1,0,666,Q66,,1,1,20,22,1,1,1,2,22,,,1,0,1,0,1,0,1,0,1,0,1,0,1,0,1,0,666,Q76,,,1,1,1,1,1,61,61,41,41,1,62,62,42,42,1,63,63,43,43,20,20,888,888,999,999,999,999
20160728175610,"2016/07/28 17:56:10",1020052_A,o,Fini,1,02,005,2,A,Test,60,1,1,,,,,,,,,,,,1,3,,,,,,,,,,,,,,,,,,1,3,2,1,,1,1,1,1,2,,1,,1,1,1,,1,,1,60,5,50,1,1,1,1,1,1,1,1,2,1,1,1,5,1,1,1,1,1,1,1,2,1,1,1,1,1,1,1,1,1,50,1,1,1,Fhjn,1,1,1,1,7,1,6,6,6,1,1,1,3,2,1,1,1,,,,,,,,,,,,,,,,,,,,,,,,,,,,,,,,,,,,,,,,,,,1,1,60,60,60,60,1,60,60,60,60,1,60,60,60,60,60,60,60,60,60,60,60,60
20160728174004,"2016/07/28 17:40:04",1010011_A,o,Fini,1,01,001,1,A,New,21,1,1,,,,,,,,,,,,1,3,,,,,,,,,,,,,,,,,,1,1,1,1,,1,1,1,1,1,,1,,1,1,1,,1,,1,50,5,50,1,1,1,1,1,1,1,1,1,1,1,1,5,1,1,1,1,1,1,1,1,1,1,1,1,1,1,1,1,1,15,1,1,1,Test,1,1,1,1,5,1,5,5,5,1,1,1,1,1,1,1,1,,,,,,,,,,,,,,,,,,,,,,,,,,,,,,,,,,,,,,,,,,,,,,,,,,,,,,,,,,,,,60,60,60,60,60,60
20160728173931,"2016/07/28 17:39:31",1010011_A,o,Fini,1,01,001,1,A,New,21,1,1,,,,,,,,,,,,1,3,,,,,,,,,,,,,,,,,,1,1,1,1,,1,1,1,1,1,,1,,1,1,1,,1,,1,50,5,50,1,1,1,1,1,1,1,1,1,1,1,1,5,1,1,1,1,1,1,1,1,1,1,1,1,1,1,1,1,1,15,1,1,1,Test,1,1,1,1,5,1,5,5,5,1,1,1,1,1,1,1,1,,,,,,,,,,,,,,,,,,,,,,,,,,,,,,,,,,,,,,,,,,,,,,,,,,,,,,,,,,,,,60,60,60,60,60,60
20160728173500,"2016/07/28 17:35:00",1010051_B,o,"Poko fini",1,01,005,1,B,New,21,1,,,,,,,,,,,,,,,,,,,,,,,,,,,,,,,,,,,,,,,,,,,,,,,,,,,,,,,,,,,,,,,,,,,,,,,,,,,,,,,,,,,,,,,,,,,,,,,,,,,,,,,,,,,,,,,,,,,,,,,,,,,,,,,,,,,,,,,,,,,,,,,,,,,,,,,,,,,,,,,,,,,,,,,,,,,,
20160728170651,"2016/07/28 17:06:51",1010021_A,o,Fini,1,01,002,1,A,Gvzg,90,1,1,,,,,,,,,,,,1,3,,,,,,,,,,,,,,,,,,1,1,1,9,,1,1,1,1,1,,3,,1,1,1,,1,,1,60,0,5,1,1,1,1,1,1,1,1,1,1,1,1,6,1,1,1,1,1,1,1,1,1,1,1,1,1,1,1,1,1,50,1,1,1,Gjkv,1,1,1,1,5,1,6,6,6,1,1,1,1,1,1,1,3,,,,,,,,,,,,,,,,,,,,,,,,,,,,,,,,,,,,,,,,,,,,,,,,,,,,,,,,,,,,,60,60,60,60,60,60
20160728163038,"2016/07/28 16:30:38",1020052_A,o,Fini,1,02,005,2,A,Raj,21,1,1,,,,,,,,,,,,1,3,,,,,,,,,,,,,,,,,,1,1,2,2,,1,2,1,1,2,,2,,1,1,4,,3,,1,50,5,50,1,1,2,1,1,1,1,1,1,1,1,1,5,1,1,1,1,1,1,1,1,1,1,1,1,1,1,1,1,1,50,1,1,1,50,1,1,1,1,5,1,5,5,5,2,2,2,3,2,2,3,1,,,,,,,,,,,,,,,,,,,,,,,,,,,,,,,,,,,,,,,,,,,,,,,,,,,,,,,,,,,,,60,60,50,50,50,50
20160728162122,"2016/07/28 16:21:22",2010062_A,o,"Pa kalifye",2,01,006,2,A,New,15,,,,,,,,,,,,,,,,,,,,,,,,,,,,,,,,,,,,,,,,,,,,,,,,,,,,,,,,,,,,,,,,,,,,,,,,,,,,,,,,,,,,,,,,,,,,,,,,,,,,,,,,,,,,,,,,,,,,,,,,,,,,,,,,,,,,,,,,,,,,,,,,,,,,,,,,,,,,,,,,,,,,,,,,,,,,,
20160728145710,"2016/07/28 14:57:10",2010071_A,o,Fini,2,01,007,1,A,Hxh,89,1,1,,,,,,,,,,,,1,1,1,60,60,66,66,2,66,66,66,66,1,66,66,66,66,60,60,2,2,1,12,,1,1,1,1,1,,2,,1,1,2,,1,,1,68,0,5,1,1,3,1,1,1,1,1,1,1,1,1,8,1,1,2,1,1,1,3,1,1,1,1,1,1,1,1,1,1,68,1,1,2,Gvjn,1,1,2,1,5,1,5,5,5,1,2,4,3,4,1,2,2,1,0,0,0,0,0,,999,1,1,5,5,1,1,1,2,,5,,0,0,0,0,0,0,0,0,0,0,0,0,0,0,0,0,0,,,999,1,1,1,,,,,,,,,,,,,,,,,,,888,888,888,888,888,888
20160728145135,"2016/07/28 14:51:35",2040061_A,o,"Pa kalifye",2,04,006,1,A,Gbxn,9,,,,,,,,,,,,,,,,,,,,,,,,,,,,,,,,,,,,,,,,,,,,,,,,,,,,,,,,,,,,,,,,,,,,,,,,,,,,,,,,,,,,,,,,,,,,,,,,,,,,,,,,,,,,,,,,,,,,,,,,,,,,,,,,,,,,,,,,,,,,,,,,,,,,,,,,,,,,,,,,,,,,,,,,,,,,,
20160728144458,"2016/07/28 14:44:58",1030062_A,o,"Poko fini",1,03,006,2,A,Helo,50,1,3,1,1,1,0,0,0,0,0,666,"Text aa6",1,,1,1,66,66,66,66,2,66,66,66,66,1,66,66,66,66,60,60,2,1,2,2,,2,2,1,2,1,,1,,1,1,2,,1,,1,50,5,5,1,1,1,1,1,1,1,1,1,1,1,2,6,1,1,1,1,1,1,2,2,2,1,1,1,1,1,1,1,1,50,1,1,2,Chu,1,1,1,2,5,1,5,5,5,1,1,1,2,3,2,2,2,1,1,1,1,0,666,"Text q66",,1,1,5,5,1,2,1,2,999,999,999,1,1,1,0,0,0,0,0,0,0,0,0,0,0,0,1,666,"Text q76",,,1,1,1,,,,,,,,,,,,,,,,,,,,,,,,
20160728143353,"2016/07/28 14:33:53",1020052_A,o,Fini,1,02,005,2,A,Fhb,80,1,1,,,,,,,,,,,,1,3,,,,,,,,,,,,,,,,,,2,1,1,1,,1,1,1,1,1,,1,,1,1,2,,1,,1,50,4,50,1,1,3,1,1,1,1,1,1,1,1,2,5,1,1,2,1,1,1,1,2,1,1,1,2,1,1,1,1,1,50,1,1,2,Yv,1,1,2,2,5,1,5,5,5,1,1,1,2,3,2,2,2,1,1,0,0,0,0,,,2,,,,,,,,,,,,,,,,,,,,,,,,,,,,,,,,,,1,1,60,60,60,60,1,60,60,60,60,2,60,60,60,60,60,60,60,60,888,888,888,888
20160728142950,"2016/07/28 14:29:50",1030062_A,o,Fini,1,03,006,2,A,Hgv,60,1,1,,,,,,,,,,,,1,1,1,60,60,60,60,2,60,60,60,60,2,60,60,60,60,60,60,2,1,1,1,,1,1,1,1,1,,1,,1,1,1,,1,,1,60,0,5,1,1,1,1,1,1,1,1,1,1,1,1,5,1,1,1,1,1,1,1,2,2,1,1,1,1,1,1,1,1,50,1,1,2,Fhi,1,1,1,1,5,1,5,5,5,2,1,1,3,3,3,3,3,1,1,0,0,0,0,,,1,1,5,5,1,1,1,1,,,,,,,,,,,,,,,,,,,,,,,,1,1,2,,,,,,,,,,,,,,,,,,,60,60,60,60,60,60
20160728142402,"2016/07/28 14:24:02",1010051_A,o,Fini,1,01,005,1,A,Hxj,60,1,1,,,,,,,,,,,,1,3,,,,,,,,,,,,,,,,,,1,1,1,1,,1,1,1,1,1,,1,,1,1,2,,2,,1,60,0,5,1,1,1,3,1,1,1,1,1,1,2,2,5,1,1,2,1,1,1,1,2,2,1,1,2,1,1,1,1,1,50,1,1,3,Vjjv,1,1,2,2,5,1,5,5,5,1,1,1,2,2,2,1,1,,,,,,,,,,,,,,,,,,,,,,,,,,,,,,,,,,,,,,,,,,1,,,,,,,,,,,,,,,,,,,60,60,60,60,60,60
20160728141458,"2016/07/28 14:14:58",2010042_A,o,Fini,2,01,004,2,A,Hello,50,1,1,,,,,,,,,,,,1,3,,,,,,,,,,,,,,,,,,1,1,1,1,,1,2,1,1,2,,3,,1,1,2,,2,,1,50,5,50,1,1,1,1,1,1,1,1,3,1,1,1,5,1,1,2,1,1,1,1,1,2,1,1,1,1,1,1,1,1,60,1,1,2,Gbxv,1,1,1,1,5,1,5,5,5,1,2,1,2,2,2,2,3,,,,,,,,,,,,,,,,,,,,,,,,,,,,,,,,,,,,,,,,,,1,,,,,,,,,,,,,,,,,,,60,60,60,60,60,60
20160728132955,"2016/07/28 13:29:55",2040072_A,operator7,"Poko fini",2,04,007,2,A,"Gseo test q66 and q76 after reactivation",,,,,,,,,,,,,,,,,,,,,,,,,,,,,,,,,,,,,,,,,,,,,,,,,,,,,,,,,,,,,,,,,,,,,,,,,,,,,,,,,,,,,,,,,,,,,,,,,,,,,,,,,,,,,,,,,,,,,,,,,,,,,,,,,,,,,,,,,,,,,,,,,,,,,,,,,,,,,,,,,,,,,,,,,,,,,,
20160728124850,"2016/07/28 12:48:50",2040032_A,o,"Pa kalifye",2,04,003,2,A,Hello,5,,,,,,,,,,,,,,,,,,,,,,,,,,,,,,,,,,,,,,,,,,,,,,,,,,,,,,,,,,,,,,,,,,,,,,,,,,,,,,,,,,,,,,,,,,,,,,,,,,,,,,,,,,,,,,,,,,,,,,,,,,,,,,,,,,,,,,,,,,,,,,,,,,,,,,,,,,,,,,,,,,,,,,,,,,,,,
20160728123026,"2016/07/28 12:30:26",2040611_B,operator7,"Retounen pi ta",2,04,061,1,B,"Gseo test aa6",106,1,3,1,1,0,1,0,1,0,0,666,"Test aa6",2,,,,,,,,,,,,,,,,,,,,,,,,,,,,,,,,,,,,,,,,,,,,,,,,,,,,,,,,,,,,,,,,,,,,,,,,,,,,,,,,,,,,,,,,,,,,,,,,,,,,,,,,,,,,,,,,,,,,,,,,,,,,,,,,,,,,,,,,,,,,,,,,,,,,,,,,,,,,,,,,
20160728122000,"2016/07/28 12:20:00",2050291_A,operator7,"Poko fini",2,05,029,1,A,"Gseo test double entry of HHID",68,1,1,,,,,,,,,,,,2,,,,,,,,,,,,,,,,,,,1,4,,,,,,,,,,,,,,,,,,,,,,,,,,,,,,,,,,,,,,,,,,,,,,,,,,,,,,,,,,,,,,,,,,,,,,,,,,,,,,,,,,,,,,,,,,,,,,,,,,,,,,,,,,,,,,,,,,,,,,,,,,,,,,,,,,,,,,,,,,,
20160728121751,"2016/07/28 12:17:51",2050291_A,operator7,"Retounen pi ta",2,05,029,1,A,"Gseo test 7",100,1,3,0,1,0,0,0,0,0,1,666,"Test aa6",2,,,,,,,,,,,,,,,,,,,,,,,,,,,,,,,,,,,,,,,,,,,,,,,,,,,,,,,,,,,,,,,,,,,,,,,,,,,,,,,,,,,,,,,,,,,,,,,,,,,,,,,,,,,,,,,,,,,,,,,,,,,,,,,,,,,,,,,,,,,,,,,,,,,,,,,,,,,,,,,,
20160728121530,"2016/07/28 12:15:30",2050291_B,operator7,"Retounen pi ta",2,05,029,1,B,"Gseo test 6",100,1,2,,,,,,,,,,,,,,,,,,,,,,,,,,,,,,,,,,,,,,,,,,,,,,,,,,,,,,,,,,,,,,,,,,,,,,,,,,,,,,,,,,,,,,,,,,,,,,,,,,,,,,,,,,,,,,,,,,,,,,,,,,,,,,,,,,,,,,,,,,,,,,,,,,,,,,,,,,,,,,,,,,,,,,,,,,,
20160728121453,"2016/07/28 12:14:53",3030125_A,operator7,"Pa kapab komprenn konsantman",3,03,012,5,A,"Gseo test 6",20,2,,,,,,,,,,,,,,,,,,,,,,,,,,,,,,,,,,,,,,,,,,,,,,,,,,,,,,,,,,,,,,,,,,,,,,,,,,,,,,,,,,,,,,,,,,,,,,,,,,,,,,,,,,,,,,,,,,,,,,,,,,,,,,,,,,,,,,,,,,,,,,,,,,,,,,,,,,,,,,,,,,,,,,,,,,,,
20160728121024,"2016/07/28 12:10:24",2040114_B,operator7,"Pa kalifye",2,04,011,4,B,"Gseo test 5",4,,,,,,,,,,,,,,,,,,,,,,,,,,,,,,,,,,,,,,,,,,,,,,,,,,,,,,,,,,,,,,,,,,,,,,,,,,,,,,,,,,,,,,,,,,,,,,,,,,,,,,,,,,,,,,,,,,,,,,,,,,,,,,,,,,,,,,,,,,,,,,,,,,,,,,,,,,,,,,,,,,,,,,,,,,,,,
20160728114942,"2016/07/28 11:49:42",2010102_A,operator2,Refize,2,01,010,2,A,"Ot exit under 18 then refused",36,1,3,1,0,1,0,1,0,1,0,666,"Test aa6",3,,,,,,,,,,,,,,,,,,,,,,,,,,,,,,,,,,,,,,,,,,,,,,,,,,,,,,,,,,,,,,,,,,,,,,,,,,,,,,,,,,,,,,,,,,,,,,,,,,,,,,,,,,,,,,,,,,,,,,,,,,,,,,,,,,,,,,,,,,,,,,,,,,,,,,,,,,,,,,,,
20160728114854,"2016/07/28 11:48:54",3031095_B,operator2,"Pa kapab komprenn konsantman",3,03,109,5,B,"Ot exit as pa komprenn",36,2,,,,,,,,,,,,,,,,,,,,,,,,,,,,,,,,,,,,,,,,,,,,,,,,,,,,,,,,,,,,,,,,,,,,,,,,,,,,,,,,,,,,,,,,,,,,,,,,,,,,,,,,,,,,,,,,,,,,,,,,,,,,,,,,,,,,,,,,,,,,,,,,,,,,,,,,,,,,,,,,,,,,,,,,,,,,
20160728114809,"2016/07/28 11:48:09",2010102_A,operator2,"Pa kalifye",2,01,010,2,A,"Ot exit under 18 then refused",12,,,,,,,,,,,,,,,,,,,,,,,,,,,,,,,,,,,,,,,,,,,,,,,,,,,,,,,,,,,,,,,,,,,,,,,,,,,,,,,,,,,,,,,,,,,,,,,,,,,,,,,,,,,,,,,,,,,,,,,,,,,,,,,,,,,,,,,,,,,,,,,,,,,,,,,,,,,,,,,,,,,,,,,,,,,,,
20160728112001,"2016/07/28 11:20:01",3040003_A,operator2,"Pa kalifye",3,04,000,3,A,"Ot end as under 18 has no waypoint",1,,,,,,,,,,,,,,,,,,,,,,,,,,,,,,,,,,,,,,,,,,,,,,,,,,,,,,,,,,,,,,,,,,,,,,,,,,,,,,,,,,,,,,,,,,,,,,,,,,,,,,,,,,,,,,,,,,,,,,,,,,,,,,,,,,,,,,,,,,,,,,,,,,,,,,,,,,,,,,,,,,,,,,,,,,,,,
20160728110559,"2016/07/28 11:05:59",1010071_A,o,"Poko fini",1,01,007,1,A,CheckBoxesTesting,50,1,3,1,1,1,0,0,0,0,0,666,"Testing A6",,,,,,,,,,,,,,,,,,,,,,,,,,,,,,,,,,,,,,,,,,,,,,,,,,,,,,,,,,,,,,,,,,,,,,,,,,,,,,,,,,,,,,,,,,,,,,,,,1,1,1,0,666,"Testing 432",,1,,,,,,,,,,,1,1,1,1,0,0,0,0,0,0,0,0,0,0,0,0,666,"Testing 472",,,,,,,,,,,,,,,,,,,,,,,,,,,,,
20160728101752,"2016/07/28 10:17:52",4040444_A,operator2,Fini,4,04,044,4,A,"Ot test1",36,1,1,,,,,,,,,,,,1,2,,,,,,,,,,,,,,,,,,2,4,4,666,"Test a4",2,3,2,4,10,,5,,1,1,8,,6,,,,,,2,2,3,3,2,2,2,2,2,2,1,2,3,2,1,2,2,,1,2,2,2,2,2,2,1,1,2,2,2,,,1,1,"Test q52",1,1,1,2,2,1,2,0,5,2,2,3,4,5,999,1,2,1,1,0,1,0,666,"Test q66",,1,1,3,2,1,1,2,2,,,4,1,0,1,0,1,0,0,0,0,0,0,0,0,0,0,0,666,"Test q76",,,1,2,2,1,1,120,120,50,50,2,119,119,49,49,1,118,118,48,48,25,25,169,169,130,130,70,70
20160728100729,"2016/07/28 10:07:29",1050394_A,operator7,"Poko fini",1,05,039,4,A,"Gseo test 2",35,1,1,,,,,,,,,,,,2,,,,,,,,,,,,,,,,,,,2,2,3,5,,999,2,2,1,3,,2,,2,999,2,,2,,999,25,888,888,2,1,2,2,2,2,1,2,3,999,999,3,999,999,1,2,2,,1,1,3,3,999,1,2,999,2,2,2,2,,,1,2,999,2,2,2,3,999,999,999,999,999,3,1,1,4,4,4,4,5,1,0,1,0,1,666,"Test q66",,1,1,999,999,,,,,,,,,,,,,,,,,,,,,,,,,,,,,,,,,,,,,,,,,,,,,,,,,,,,,,
20160728033833,"2016/07/28 03:38:33",2040054_A,dev6,Fini,2,04,005,4,A,Dev6Test2Q66Q76,50,1,1,,,,,,,,,,,,1,1,1,61,61,41,41,1,62,62,42,42,1,63,63,43,43,10,10,2,1,1,1,,1,1,1,1,1,,1,,1,1,1,,1,,1,888,1,7,1,1,1,1,1,1,2,1,1,1,1,1,3,1,1,1,1,1,1,1,1,1,1,1,1,1,1,1,1,1,48,1,1,1,q52,1,1,1,1,4,1,1,2,4,2,1,1,2,3,4,5,999,1,0,0,0,0,666,"questions 66 text 1 and 3 selected",,1,1,20,22,1,1,1,2,,,5,0,0,0,0,0,0,0,0,0,0,0,0,0,0,0,0,666,"q76other all even selected ",,,1,1,1,,,,,,,,,,,,,,,,,,,62,62,200,200,888,888
20160728032643,"2016/07/28 03:26:43",1020034_A,dev6,"Poko fini",1,02,003,4,A,Dev6Test1Q66Q76,60,1,1,,,,,,,,,,,,1,1,1,60,60,40,40,1,61,61,41,41,1,62,62,42,42,10,10,1,1,1,2,,2,3,1,2,3,,4,,1,2,,,3,,1,16,1,7,1,1,2,2,1,1,1,1,2,2,1,2,3,1,1,1,1,1,1,1,1,1,1,1,1,1,1,1,1,1,48,1,1,1,52,1,1,2,1,7,1,5,6,1,2,3,1,2,3,4,5,999,,,,,,,,,,,,,,,,,,,,,,,,,,,,,,,,,,,,,,,,,,,,,,,,,,,,,,,,,,,,,,,,,,
20160727135321,"2016/07/27 13:53:21",4040121_A,operator2,"Poko fini",4,04,012,1,A,"Ot exit as refused",25,1,3,1,0,1,0,1,0,1,0,0,,1,,3,,,,,,,,,,,,,,,,,,1,2,3,4,,2,2,,,,,,,,,,,,,,,,,,,,,,,,,,,,,,,,,,,,,,,,,,,,,,,,,,,,,,,,,,,,,,,,,,,,,,,,,,,,,,,,,,,,,,,,,,,,,,,,,,,,,,,,,,,,,,,,,,,,,,,,,,,,,,,,,,,,,,
20160727135040,"2016/07/27 13:50:40",2041062_A,operator2,Fini,2,04,106,2,A,"Ot complete",36,1,1,,,,,,,,,,,,1,2,,,,,,,,,,,,,,,,,,2,3,2,4,,2,2,2,2,4,,3,,1,2,,,2,,2,888,888,888,999,2,1,2,999,2,2,2,3,2,2,2,9,1,2,2,2,,2,1,2,2,2,1,2,2,2,2,2,1,3,1,1,2,999,2,2,1,1,999,2,999,999,999,3,2,3,5,4,3,4,3,2,,,,,,,,999,2,999,0,,,,,,,,,,,,,,,,,,,,,,,,,,,,1,2,888,,,,,,,,,,,,,,,,,,,888,888,888,888,999,999
20160727133645,"2016/07/27 13:36:45",4040121_A,operator2,Refize,4,04,012,1,A,"Ot exit as refused",25,1,3,1,0,1,0,1,0,1,0,0,,3,,,,,,,,,,,,,,,,,,,,,,,,,,,,,,,,,,,,,,,,,,,,,,,,,,,,,,,,,,,,,,,,,,,,,,,,,,,,,,,,,,,,,,,,,,,,,,,,,,,,,,,,,,,,,,,,,,,,,,,,,,,,,,,,,,,,,,,,,,,,,,,,,,,,,,,,,,,,,,,,
20160727131331,"2016/07/27 13:13:31",4080123_A,operator2,"Poko fini",4,08,012,3,A,"Ot exit as under 18",25,1,1,,,,,,,,,,,,1,3,,,,,,,,,,,,,,,,,,1,3,2,4,,1,3,2,2,4,,,,,,,,,,,,,,,,,,,,,,,,,,,,,,,,,,,,,,,,,,,,,,,,,,,,,,,,,,,,,,,,,,,,,,,,,,,,,,,,,,,,,,,,,,,,,,,,,,,,,,,,,,,,,,,,,,,,,,,,,,,,,,,,,,,
20160727131230,"2016/07/27 13:12:30",2040143_B,operator2,"Pa kapab komprenn konsantman",2,04,014,3,B,"Ot exit as dont understand consent",36,2,,,,,,,,,,,,,,,,,,,,,,,,,,,,,,,,,,,,,,,,,,,,,,,,,,,,,,,,,,,,,,,,,,,,,,,,,,,,,,,,,,,,,,,,,,,,,,,,,,,,,,,,,,,,,,,,,,,,,,,,,,,,,,,,,,,,,,,,,,,,,,,,,,,,,,,,,,,,,,,,,,,,,,,,,,,,
20160727131151,"2016/07/27 13:11:51",4080123_A,operator2,"Pa kalifye",4,08,012,3,A,"Ot exit as under 18",17,,,,,,,,,,,,,,,,,,,,,,,,,,,,,,,,,,,,,,,,,,,,,,,,,,,,,,,,,,,,,,,,,,,,,,,,,,,,,,,,,,,,,,,,,,,,,,,,,,,,,,,,,,,,,,,,,,,,,,,,,,,,,,,,,,,,,,,,,,,,,,,,,,,,,,,,,,,,,,,,,,,,,,,,,,,,,
20160727130436,"2016/07/27 13:04:36",2050083_B,operator2,Fini,2,05,008,3,B,"Ot ",36,1,1,,,,,,,,,,,,2,,,,,,,,,,,,,,,,,,,1,2,3,5,,2,2,2,2,4,,3,,2,2,,,1,,2,888,3,12,2,1,4,,2,2,2,999,3,2,2,3,999,1,1,2,1,2,2,1,3,3,999,2,2,2,2,2,2,2,,,2,2,999,1,2,2,2,2,1,3,2,3,2,2,2,4,5,3,3,2,,,,,,,,,,,,,,,,,,,,,,,,,,,,,,,,,,,,,,,,,,2,1,2,120,120,100,100,1,75,75,80,80,1,250,250,58,58,20,20,888,888,888,888,888,888
20160727115820,"2016/07/27 11:58:20",3050613_B,operator2,Fini,3,05,061,3,B,"Ot 3",25,1,1,,,,,,,,,,,,1,3,,,,,,,,,,,,,,,,,,1,3,3,5,,2,3,1,2,5,,3,,2,999,3,,3,,999,888,888,888,2,1,4,,2,2,2,2,3,1,2,3,999,1,999,2,2,,2,2,2,3,2,1,3,999,2,999,3,2,,,1,3,"Test q52",999,999,4,3,999,2,999,999,999,3,2,2,4,4,4,4,4,,,,,,,,,,,,,,,,,,,,,,,,,,,,,,,,,,,,,,,,,,888,,,,,,,,,,,,,,,,,,,999,999,999,999,999,999
20160727113847,"2016/07/27 11:38:47",1030092_A,operator2,Fini,1,03,009,2,A,"Ot test",25,1,1,,,,,,,,,,,,1,2,,,,,,,,,,,,,,,,,,2,3,3,666,"Test q4",2,3,2,3,666,"Test q9",666,"Test q10",2,2,,,666,"Test q14",1,36,5,20,1,2,2,2,1,1,1,1,2,2,2,2,6,1,2,2,2,,1,2,3,3,2,2,2,1,2,2,3,2,,,2,3,"Test q52",1,2,2,2,3,999,999,2,3,2,2,1,2,2,3,3,3,1,0,0,0,0,666,"Test q66",,1,1,3,5,2,1,888,2,,1,,0,0,0,0,0,0,0,0,0,0,0,0,0,0,0,0,666,"Test q76",,,1,1,2,,,,,,,,,,,,,,,,,,,888,888,130,130,999,999
20160727103358,"2016/07/27 10:33:58",2041011_B,operator7,Fini,2,04,101,1,B,"Gseo test BP",50,1,1,,,,,,,,,,,,1,2,,,,,,,,,,,,,,,,,,2,2,2,3,,2,2,999,1,3,,3,,999,2,,,1,,2,888,3,58,1,1,4,,2,2,999,1,2,999,1,3,999,2,999,2,2,,999,2,3,4,999,1,2,999,999,2,2,2,,,999,3,999,2,1,3,1,999,999,999,3,2,2,1,2,999,4,2,4,3,1,0,1,1,0,0,,,2,,,,,,,,,,,,,,,,,,,,,,,,,,,,,,,,,,1,1,150,150,130,130,1,90,90,60,60,1,150,150,75,75,50,50,60,60,200,200,260,260
20160727101606,"2016/07/27 10:16:06",2040752_A,operator7,Fini,2,04,075,2,A,"Gseo test 3",35,1,1,,,,,,,,,,,,1,3,,,,,,,,,,,,,,,,,,2,1,2,3,,2,2,2,3,7,,5,,1,2,,,1,,1,25,999,999,2,1,4,,2,1,1,2,3,2,2,2,6,1,1,3,1,2,1,2,2,4,2,1,1,999,1,2,2,1,999,2,1,2,999,1,1,2,3,999,1,2,3,2,2,2,2,4,3,2,4,4,1,0,0,0,0,666,Herbs,,1,1,2,2,1,2,1,2,3,,,0,0,0,0,0,0,0,0,0,0,0,0,0,0,0,0,666,"Test q76",,,2,1,888,,,,,,,,,,,,,,,,,,,888,888,999,999,888,888
20160727095846,"2016/07/27 09:58:46",2051052_A,operator7,"Retounen pi ta",2,05,105,2,A,"Gseo test aa6 export",35,1,3,1,0,1,0,1,1,1,1,0,,2,,,,,,,,,,,,,,,,,,,,,,,,,,,,,,,,,,,,,,,,,,,,,,,,,,,,,,,,,,,,,,,,,,,,,,,,,,,,,,,,,,,,,,,,,,,,,,,,,,,,,,,,,,,,,,,,,,,,,,,,,,,,,,,,,,,,,,,,,,,,,,,,,,,,,,,,,,,,,,,,
20160727095528,"2016/07/27 09:55:28",3021082_A,operator7,Refize,3,02,108,2,A,"Gseo test exit aa5=3, aa7=3",35,1,3,0,0,1,0,1,1,0,0,0,,3,,,,,,,,,,,,,,,,,,,,,,,,,,,,,,,,,,,,,,,,,,,,,,,,,,,,,,,,,,,,,,,,,,,,,,,,,,,,,,,,,,,,,,,,,,,,,,,,,,,,,,,,,,,,,,,,,,,,,,,,,,,,,,,,,,,,,,,,,,,,,,,,,,,,,,,,,,,,,,,,
20160727095422,"2016/07/27 09:54:22",2040154_B,operator7,"Retounen pi ta",2,04,015,4,B,"Gseo test exit aa5=3, aa7=2",28,1,3,0,0,0,0,0,0,0,0,666,"Test aa6",2,,,,,,,,,,,,,,,,,,,,,,,,,,,,,,,,,,,,,,,,,,,,,,,,,,,,,,,,,,,,,,,,,,,,,,,,,,,,,,,,,,,,,,,,,,,,,,,,,,,,,,,,,,,,,,,,,,,,,,,,,,,,,,,,,,,,,,,,,,,,,,,,,,,,,,,,,,,,,,,,
20160727095253,"2016/07/27 09:52:53",2040602_A,operator7,"Retounen pi ta",2,04,060,2,A,"Gseo test exit aa5=2",30,1,2,,,,,,,,,,,,,,,,,,,,,,,,,,,,,,,,,,,,,,,,,,,,,,,,,,,,,,,,,,,,,,,,,,,,,,,,,,,,,,,,,,,,,,,,,,,,,,,,,,,,,,,,,,,,,,,,,,,,,,,,,,,,,,,,,,,,,,,,,,,,,,,,,,,,,,,,,,,,,,,,,,,,,,,,,,,
20160727095012,"2016/07/27 09:50:12",3031052_B,operator7,"Pa kapab komprenn konsantman",3,03,105,2,B,"Gseo test exit aa4=2",19,2,,,,,,,,,,,,,,,,,,,,,,,,,,,,,,,,,,,,,,,,,,,,,,,,,,,,,,,,,,,,,,,,,,,,,,,,,,,,,,,,,,,,,,,,,,,,,,,,,,,,,,,,,,,,,,,,,,,,,,,,,,,,,,,,,,,,,,,,,,,,,,,,,,,,,,,,,,,,,,,,,,,,,,,,,,,,
20160727094922,"2016/07/27 09:49:22",2050382_A,operator7,"Pa kalifye",2,05,038,2,A,"Gseo test exit aa3=16",16,,,,,,,,,,,,,,,,,,,,,,,,,,,,,,,,,,,,,,,,,,,,,,,,,,,,,,,,,,,,,,,,,,,,,,,,,,,,,,,,,,,,,,,,,,,,,,,,,,,,,,,,,,,,,,,,,,,,,,,,,,,,,,,,,,,,,,,,,,,,,,,,,,,,,,,,,,,,,,,,,,,,,,,,,,,,,
20160727093021,"2016/07/27 09:30:21",2040444_A,operator7,Fini,2,04,044,4,A,"Gseo test 1",45,1,1,,,,,,,,,,,,2,,,,,,,,,,,,,,,,,,,2,1,2,666,"Test q4",1,2,999,2,3,,666,"Test q10",1,2,,,666,"Test q14",1,200,888,888,2,1,3,2,2,2,1,2,3,1,2,3,2,2,1,2,2,,2,1,2,2,2,2,4,2,1,2,2,1,25,1,1,2,Matris,2,1,1,2,999,999,2,3,4,2,1,1,4,3,2,2,4,3,,,,,,,,1,1,2,2,2,2,2,2,,23,,0,0,0,1,0,0,0,0,1,0,0,0,0,1,0,0,0,,,,2,2,888,2,,,,,,,,,,,,,,,,,,999,999,888,888,888,888
