"salary","newval","employee_name","testtt","forTesting","testingg"
"20000","100","Sumeet Shukla","20100","add","adddinggg11"
"20000","100","Rajesh","20100","add","adddinggg"
"10000","100","Neru","10100","add","adddinggg"
"50000","100","Himesh","50100","add","adddinggg"
"2000","100","Sukhchen","2100","add","adddinggg"
"1000","100","Abhinav","1100","add","adddinggg"
"1000","100","Tetsing user","1100","add","adddinggg"
"1000","100","new user","1100","add","adddinggg"
"1000","100","muna","1100","add","adddinggg"
"20000","100","Sumeet Shukla","20100","add","=Sum(b4,b5)"
"20000","100","Rajesh","20100","add","adddinggg"
"10000","100","Neru","10100","add","adddinggg"
"50000","100","Himesh","50100","add","adddinggg"
"2000","100","Sukhchen","2100","add","adddinggg"
"1000","100","Abhinav","1100","add","adddinggg"
"1000","100","Tetsing user","1100","add","adddinggg"
"1000","100","new user","1100","add","adddinggg"
"1000","100","muna","1100","add","adddinggg"
"20000","100","Sumeet Shukla","20100","add","adddinggg"
"20000","100","Rajesh","20100","add","adddinggg"
"10000","100","Neru","10100","add","=SUM(B2:B5)"
"34000","100","Himesh","34100","add","adddinggg"
"2000","100","Sukhchen","2100","add","adddinggg"
"1000","100","Abhinav","1100","add","adddinggg"
"1000","100","Tetsing user","1100","add","adddinggg"
"1000","100","new user","1100","add","adddinggg"
"1000","100","muna","1100","add","adddinggg"
"20000","100","Sumeet Shukla","20100","add","adddinggg"
"48000","100","Rajesh","48100","add","adddinggg"
"10000","100","Neru","10100","add","adddinggg"
"50000","100","Himesh","50100","add","adddinggg"
"2000","100","Sukhchen","2100","add","adddinggg"
"1000","100","Abhinav","1100","add","adddinggg"
"1000","100","Tetsing user","1100","add","adddinggg"
"1000","100","new user","1100","add","adddinggg"
"1000","100","muna","1100","add","adddinggg"
